id,release_date,title,publisher,bit_memory,price
1,1989-04-21,スーパーマリオランド,任天堂,512K,2600
2,1989-04-21,ベースボール,任天堂,512K,2600
3,1989-04-21,役満,任天堂,256K,2600
4,1989-04-21,アレイウェイ,任天堂,256K,2600
5,1989-05-29,テニス,任天堂,256K,2600
6,1989-06-14,テトリス,任天堂,256K,2600
7,1989-07-28,上海,HAL研究所,256K,2980
8,1989-09-01,倉庫番,ポニーキャニオン,256K,3090
9,1989-09-05,ミッキーマウス,KEMCO,512K,2980
10,1989-09-20,モトクロスマニアックス,コナミ,256K,2900
11,1989-09-21,ハイパーロードランナー,バンダイ,256K,2800
12,1989-10-18,ピンボール66匹のワニ大行進,HAL研究所,512K,2980
13,1989-10-27,ドラキュラ伝説,コナミ,512K,3300
14,1989-10-31,シーサイドバレー,トンキンハウス,512K,2980
15,1989-11-24,パズルボーイ,アトラス,256K,2980
16,1989-11-28,ゴルフ,任天堂,1M,2600
17,1989-12-08,パチンコタイム,ココナッツジャパン,512K,3280
18,1989-12-15,魔界塔士Sa・Ga,スクウェア,1M,3500
19,1989-12-19,将棋,ポニーキャニオン,1M,3400
20,1989-12-22,海戦ゲーム NAVY BLUE,ユース,512K,3400
21,1989-12-22,キュービリオン,セタ,256K,2980
22,1989-12-22,北斗の拳 凄絶十番勝負,東映動画,1M,3500
23,1989-12-27,てけてけ!アスミッくんワールド,アスミック,512K,3090
24,1989-12-28,セレクション 選ばれし者,KEMCO,1M,3090
25,1989-12-28,マスターカラテカ,新正工業,256K,2900
26,1990-01-12,ヒーロー集合!! ピンボールパーティ,ジャレコ,512K,2980
27,1990-01-13,ワールドボウリング,アテナ,256K,3090
28,1990-01-14,平安京エイリアン,メルダック,256K,3000
29,1990-01-26,ソーラーストライカー,任天堂,512K,2600
30,1990-02-09,オセロ,河田,256K,2980
31,1990-02-23,対局連珠,トーワチキ,512K,2980
32,1990-02-23,ネメシス,コナミ,1M,3500
33,1990-03-15,ベースボールキッズ,ジャレコ,1M,3300
34,1990-03-16,クォース,コナミ,512K,3300
35,1990-03-16,フリップル,タイトー,256K,3090
36,1990-03-21,ペンギンランド,ポニーキャニオン,256K,3090
37,1990-03-23,フラッピー・スペシャル,ビクター音楽産業,256K,3300
38,1990-03-24,SDガンダム SD戦国伝 国盗り物語,バンダイ,1M,3500
39,1990-03-29,トランプボーイ,パック・イン・ビデオ,256K,3090
40,1990-03-30,スペースインベーダーズ,タイトー,256K,3090
41,1990-03-30,ぺんぎんくんWARS vs.,アスキー,512K,3090
42,1990-04-06,かこむん蛇,ナグザット,256K,3090
43,1990-04-13,クイックス,任天堂,512K,2600
44,1990-04-13,爆裂戦士ウォーリア,エポック社,512K,3090
45,1990-04-13,バットマン,サンソフト,512K,3400
46,1990-04-13,SDルパン三世 〜金庫破り大作戦〜,バンプレスト,512K,3300
47,1990-04-20,スーパーチャイニーズランド,カルチャーブレーン,512K,3300
48,1990-04-20,デッドヒート スクランブル,コピアシステム,512K,3300
49,1990-04-20,ブロディア,トンキンハウス,512K,3000
50,1990-04-20,冒険!パズルロード,ビック東海,256K,2980
51,1990-04-20,ポパイ,シグマ商事,1M,3500
52,1990-04-27,サッカーボーイ,EPIC・ソニー,512K,3000
53,1990-04-27,天神怪戦,メルダック,1M,3500
54,1990-04-28,スヌーピーのマジックショー,KEMCO,512K,2980
55,1990-05-02,レッドアリーマー 魔界村外伝,カプコン,1M,3300
56,1990-05-11,ロックンチェイス,DECO,512K,3300
57,1990-05-18,ボクシング,トンキンハウス,512K,3000
58,1990-05-25,あやかしの城,セタ,512K,3500
59,1990-05-26,ウルトラマン倶楽部 敵怪獣ヲ発見セヨ!,バンダイ,512K,3300
60,1990-06-01,PITMAN,アスク講談社,256K,2980
61,1990-06-08,コスモタンク,アトラス,1M,3500
62,1990-06-15,カード・ゲーム,ココナッツジャパン,512K,3400
63,1990-06-15,ZOIDS ゾイド伝説,トミー,512K,3090
64,1990-06-15,ファニーフィールド,SNK,512K,3090
65,1990-06-22,倉庫番2,ポニーキャニオン,256K,3090
66,1990-06-27,無頼戦士デラックス,タイトー,512K,3400
67,1990-06-29,バリーファイア,東映動画,256K,3200
68,1990-07-03,パイプドリーム,BPS,256K,3090
69,1990-07-13,四川省,アイレム,256K,3090
70,1990-07-20,ダブルドラゴン,テクノスジャパン,1M,3500
71,1990-07-27,ドクターマリオ,任天堂,256K,2600
72,1990-07-27,タスマニア物語,ポニーキャニオン,256K,3090
73,1990-07-28,らんま1/2 かくれんぼデスマッチ,バンプレスト,512K,3300
74,1990-07-31,パズニック,タイトー,512K,3400
75,1990-08-02,石道,アスキー,256K,3090
76,1990-08-03,ティーンエイジ・ミュータント・ニンジャ・タートルズ,コナミ,1M,3500
77,1990-08-04,魁!!男塾 冥鳳島決戦,ユタカ,1M,3500
78,1990-08-08,おさわがせ! ペンギンBOY,ナツメ,512K,3090
79,1990-08-10,VSバトラー,ユース,512K,3400
80,1990-08-11,香港,徳間書店,256K,2900
81,1990-08-12,ドラゴンスレイヤーI,エポック社,256K,3090
82,1990-08-24,パワーミッション,バップ,1M,3500
83,1990-08-25,機動警察パトレイバー 狙われた街1990,ユタカ,1M,3500
84,1990-08-31,バトルピンポン,クエスト,512K,3300
85,1990-08-31,ボンバーボーイ,ハドソン,1M,3500
86,1990-09-14,ファミスタ,ナムコ,1M,3500
87,1990-09-14,プロレス,ヒューマン,1M,3500
88,1990-09-21,サイドポケット,DECO,512K,3300
89,1990-09-21,ダックテールス,カプコン,512K,3300
90,1990-09-21,バルダーダッシュ,ビクター音楽産業,512K,3400
91,1990-09-21,ルナランダー,パック・イン・ビデオ,1M,3500
92,1990-09-28,F1ボーイ,アスク講談社,512K,3300
93,1990-09-28,おいらじゃじゃ丸!世界大冒険,ジャレコ,1M,3400
94,1990-10-05,うおーズ,トーワチキ,512K,3090
95,1990-10-06,SDガンダム外伝 ラクロアンヒーローズ,バンダイ,1M,3800
96,1990-10-10,信長の野望 ゲームボーイ版,光栄,1M,5800
97,1990-10-12,アストロラビー,IGS,512K,3300
98,1990-10-12,ツインビーだ!,コナミ,1M,3500
99,1990-10-12,パラメデス,ホット・ビィ,256K,3300
100,1990-10-16,ゴーストバスターズ2,HAL研究所,1M,3400
101,1990-10-19,モンスタートラック,バリエ,512K,3200
102,1990-10-19,ロードスター,トンキンハウス,1M,3300
103,1990-10-23,海戦ゲーム レーダーミッション,任天堂,1M,2600
104,1990-10-23,それ行け! アミーダ君,ココナッツジャパン,256K,2980
105,1990-10-26,アフターバースト,メサイヤ,512K,3090
106,1990-10-26,ベリウス ローラン城の魔獣,サミー,512K,3300
107,1990-11-09,F1レース,任天堂,1M,2600
108,1990-11-09,トランプボーイII,パック・イン・ビデオ,512K,3500
109,1990-11-09,ふしぎなブロビー 〜プリンセス・ブロブを救え!〜,ジャレコ,512K,3400
110,1990-11-16,アレサ,やのまん,1M,3800
111,1990-11-16,パックマン,ナムコ,512K,3500
112,1990-11-16,パラソルヘンべえ,エポック社 セタ,512K,3300
113,1990-11-30,キャデラックII,ヘクト,512K,3300
114,1990-11-30,GO!GO!TANK,コピアシステム,512K,3400
115,1990-11-30,バトル・ブル,セタ,1M,3500
116,1990-12-07,海戦ゲーム NAVYBLUE 90,ユース,1M,3500
117,1990-12-07,ころダイス,キングレコード,256K,3300
118,1990-12-07,スコットランドヤード,東映動画,1M,3300
119,1990-12-07,ちびまる子ちゃん おこづかい大作戦!,タカラ,512K,3400
120,1990-12-07,熱血硬派くにおくん 番外乱闘編,テクノスジャパン,1M,3500
121,1990-12-07,バブルボブル,タイトー,1M,3600
122,1990-12-07,ペインターモモピー,シグマ商事,512K,3300
123,1990-12-07,ヘッドオン,テクモ,512K,3300
124,1990-12-08,鬼忍降魔録 ONI,バンプレスト,1M,3800
125,1990-12-11,スパルタンX,アイレム,512K,3500
126,1990-12-12,プリプリ PRIMITIVE PRINCESS!,サンソフト,512K,3200
127,1990-12-13,ドラゴンテール,アイマックス,1M,3500
128,1990-12-14,カード＆パズル コレクション 銀河,ホット・ビィ,512K,3500
129,1990-12-14,クラックス,ハドソン,256K,3500
130,1990-12-14,Sa・Ga2 秘宝伝説,スクウェア,2M,4800
131,1990-12-14,ネコジャラ物語,KEMCO,1M,3300
132,1990-12-14,ポケットスタジアム,アトラス,512K,3300
133,1990-12-18,ゴジラくん 怪獣大行進,東宝,1M,3500
134,1990-12-20,ポン太とヒナ子の珍道中 〜友情編〜,ナグザット,512K,3400
135,1990-12-21,石田芳夫 詰碁パラダイス,ポニーキャニオン,512K,3400
136,1990-12-21,カプコンクイズ ハテナ?の大冒険,カプコン,2M,3500
137,1990-12-21,グレムリン2 -新・種・誕・生-,サンソフト,1M,3400
138,1990-12-21,バトルユニットZEOTH,ジャレコ,1M,3400
139,1990-12-21,バブルゴースト,ポニーキャニオン,256K,3090
140,1990-12-22,飛龍の拳外伝,カルチャーブレーン,1M,3500
141,1990-12-22,モンスターメーカー,ソフエル,1M,3500
142,1990-12-23,アメリカ横断ウルトラクイズ,トミー,2M,3980
143,1990-12-31,ドルアーガの塔,エンジェル,1M,3500
144,1991-01-08,コントラ,コナミ,1M,3500
145,1991-01-08,突撃!ポンコツタンク,HAL研究所,1M,3300
146,1991-01-11,タイトーチェイスH.Q.,タイトー,1M,3600
147,1991-01-25,突撃ばれいしょんず,アトラス,512K,3300
148,1991-02-08,鬼ヶ島パチンコ店,ココナッツジャパン,1M,3500
149,1991-02-08,ライサンダー,ニチブツ,1M,3600
150,1991-02-15,バーガータイム・デラックス,DECO,512K,3300
151,1991-02-15,三毛猫ホームズの騎士道,アスク講談社,1M,3500
152,1991-02-26,怒りの要塞,ジャレコ,1M,3400
153,1991-02-28,レーシング魂,アイレム,512K,3500
154,1991-02-28,F-1スピリット,コナミ,1M,3500
155,1991-03-01,ドラえもん 対決ひみつ道具!!,エポック社,1M,3500
156,1991-03-01,ロボコップ,EPIC・ソニー,1M,3500
157,1991-03-08,スーパー桃太郎電鉄,ハドソン,2M,4500
158,1991-03-08,戦国忍者くん,UPL,1M,3800
159,1991-03-15,ループス,マインドスケープ,256K,3090
160,1991-03-19,R-TYPE,アイレム,1M,3600
161,1991-03-20,ファーステスト・ラップ,バップ,1M,3800
162,1991-03-29,ジェムジェム,ビック東海,512K,3800
163,1991-03-29,ファミリージョッキー,ナムコ,1M,3500
164,1991-04-05,ソロモンズ倶楽部,テクモ,512K,3300
165,1991-04-05,パロディウスだ!,コナミ,2M,3800
166,1991-04-12,ファイナルリバース,東映動画,512K,3400
167,1991-04-12,ワールド・アイスホッケー,アテナ,1M,3500
168,1991-04-19,カーブノア,コナミ,1M,3800
169,1991-04-19,茶々丸パニック,ヒューマン,512K,2900
170,1991-04-19,リトルマスター ライクバーンの伝説,徳間書店インターメディア,1M,4200
171,1991-04-20,スーパーロボット大戦,バンプレスト,1M,3980
172,1991-04-26,相撲ファイター 東海道場所,アイマックス,1M,3500
173,1991-04-26,熱血高校サッカー部 ワールドカップ編,テクノスジャパン,1M,3500
174,1991-04-26,ミッキーマウスII,KEMCO,1M,3090
175,1991-04-26,ミニ・パット,A-WAVE,512K,3400
176,1991-04-26,ラッキーモンキー,ナツメ,512K,3090
177,1991-04-27,からくり剣豪伝ムサシロード,ユタカ,1M,3500
178,1991-04-27,トーピドー・レンジ,セタ,1M,3800
179,1991-05-10,キッチンパニック,ココナッツジャパン,1M,3800
180,1991-05-11,サンリオカーニバル,キャラクターソフト,512K,3296
181,1991-05-17,一発逆転!!DX馬券王,アスミック,1M,5900
182,1991-05-17,ラブルセイバー,キングレコード,1M,3500
183,1991-05-18,SDコマンドガンダム G-ARMS オペレーションガンダム,バンダイ,1M,3500
184,1991-05-21,ゲームボーイウォーズ,任天堂,2M,3500
185,1991-05-24,アスミッくんワールド2,アスミック,1M,3900
186,1991-05-24,スノーブラザーズ・ジュニア,ナグザット,1M,3800
187,1991-05-31,レジェンド -明日への翼-,クエスト,1M,4500
188,1991-06-07,サッカー,トンキンハウス,1M,3500
189,1991-06-12,大戦略,ヒロ,1M,4800
190,1991-06-15,まじかる☆タルるートくん,バンダイ,1M,3500
191,1991-06-21,ジャングルウォーズ,ポニーキャニオン,2M,4800
192,1991-06-21,チョップリフターII,ビクター音楽産業,1M,3400
193,1991-06-28,エアロスター,ビック東海,1M,3300
194,1991-06-28,人生ゲーム伝説,タカラ,1M,3980
195,1991-06-28,聖剣伝説 〜ファイナルファンタジー外伝〜,スクウェア,2M,4800
196,1991-07-11,元祖!! ヤンチャ丸,アイレム,1M,3600
197,1991-07-12,ヴァトルギウス,IGS,1M,3900
198,1991-07-12,ドラキュラ伝説II,コナミ,1M,3800
199,1991-07-16,紫禁城 SHI KIN JYO,東映動画,512K,3500
200,1991-07-19,ハットリス,BPS,512K,3500
201,1991-07-21,恋は駆け引き,ポニーキャニオン,256K,3090
202,1991-07-26,バニシングレーサー,ジャレコ,1M,3500
203,1991-07-26,ロックマンワールド,カプコン,2M,3500
204,1991-08-02,茶々丸冒険記3 アビスの塔,ヒューマン,1M,3900
205,1991-08-02,パズルボーイII,アトラス,512K,2980
206,1991-08-02,フリートコマンダーVS.,アスキー,2M,4635
207,1991-08-03,ペケとポコのダルマンバスターズ,バンプレスト,512K,3300
208,1991-08-09,エレベーターアクション,タイトー,512K,3400
209,1991-08-09,ネメシスII,コナミ,2M,3800
210,1991-08-09,バトルシティー,ノバ,256K,3090
211,1991-08-09,東尾修監修・プロ野球スタジアム'91,徳間書店インターメディア,1M,4200
212,1991-08-09,メガリット,アスミック,1M,3900
213,1991-08-23,ボンバーキング シナリオ2,サンソフト,1M,3400
214,1991-09-13,時空戦記ムー,ハドソン,2M,4500
215,1991-09-13,ちびまる子ちゃん2 デラックスまる子ワールド,タカラ,1M,3800
216,1991-09-13,ナイトクエスト,タイトー,1M,3600
217,1991-09-20,ウイナーズホース,メサイヤ,1M,4000
218,1991-09-27,アレサII,やのまん,2M,4800
219,1991-09-27,少年アシベ ゆうえんちパニック,タカラ,1M,3800
220,1991-09-27,テクモボウルGB,テクモ,2M,3800
221,1991-10-01,ウィザードリィ外伝I 女王の受難,アスキー,2M,4635
222,1991-10-18,ザードの伝説,ビック東海,1M,3980
223,1991-10-25,ドラゴンズレア,EPIC・ソニー,1M,3500
224,1991-11-01,コナミックゴルフ,コナミ,1M,3800
225,1991-11-08,熱血高校ドッジボール部 〜強敵!闘球戦士の巻〜,テクノスジャパン,1M,3600
226,1991-11-15,ティーンエイジ・ミュータント・ニンジャ・タートルズ2,コナミ,2M,3800
227,1991-11-22,華佗,パーティールーム21,512K,3500
228,1991-11-22,ポパイ2,シグマ商事,,3500
229,1991-11-29,アルタードスペース,EPIC・ソニー,1M,3500
230,1991-11-29,スーパーチャイニーズランド2 宇宙大冒険,カルチャーブレーン,2M,3980
231,1991-12-03,ナムコクラシック,ナムコ,1M,3500
232,1991-12-06,ドッジボーイ,トンキンハウス,1M,3500
233,1991-12-13,サーガイア,タイトー,1M,3600
234,1991-12-13,時空の覇者 Sa・Ga3 完結編,スクウェア,2M,4900
235,1991-12-13,忍者龍剣伝GB 摩天楼決戦,テクモ,1M,3800
236,1991-12-13,パチンコ西遊記,ココナッツジャパン,1M,3900
237,1991-12-13,バトルオブキングダム,メルダック,1M,3800
238,1991-12-13,マインスウィーパー 掃海艇,パック・イン・ビデオ,256K,3500
239,1991-12-13,ワールドビーチバレー,IGS,1M,3900
240,1991-12-14,ヨッシーのたまご,任天堂,512K,2600
241,1991-12-14,ウルティマ 〜失われたルーン〜,ポニーキャニオン,1M,4800
242,1991-12-14,きんぎょ注意報! わぴこのわくわくスタンプラリー!,ユタカ,1M,3500
243,1991-12-20,アメリカ横断ウルトラクイズ PART2,トミー,2M,3980
244,1991-12-20,太陽の勇者ファイバードGB,アイレム,1M,3800
245,1991-12-20,モノポリー,トミー,2M,3980
246,1991-12-20,ロックマンワールド2,カプコン,2M,3500
247,1991-12-25,がんばれゴエモン さらわれたエビス丸,コナミ,2M,3800
248,1991-12-26,桃太郎伝説外伝,ハドソン,2M,4500
249,1991-12-27,ジャンケンマン,メサイヤ,512K,3600
250,1991-12-27,中嶋悟監修 F-1 HERO GB,バリエ,1M,3500
251,1991-12-27,ピータン,カネコ,1M,3600
252,1991-12-28,絶対無敵ライジンオー,トミー,512K,3200
253,1991-12-29,ウルトラマン,ベック,1M,3500
254,1992-01-08,機甲警察メタルジャック,タカラ,1M,3800
255,1992-01-10,トキオ戦鬼 英雄列伝,ヒューマン,1M,4500
256,1992-01-14,Q*bert,ジャレコ,512K,4200
257,1992-01-18,SDガンダム SD戦国伝2 天下統一編,バンダイ,2M,4800
258,1992-01-21,メトロイドII RETURN OF SAMUS,任天堂,2M,3500
259,1992-01-24,しっぽでブン!,バップ,512K,3800
260,1992-01-24,雀卓ボーイ,ナムコ,1M,3500
261,1992-01-31,TWIN,アテナ,1M,3900
262,1992-02-01,タイニートゥーン アドベンチャーズ,コナミ,1M,3500
263,1992-02-14,WWFスーパースターズ,ホット・ビィ,1M,3900
264,1992-02-14,トラックミート めざせ!バルセロナ,ヒロ,1M,3800
265,1992-02-21,怒りの要塞2,ジャレコ,1M,3900
266,1992-02-21,ベリウスII,サミー,1M,4200
267,1992-02-28,ONI II 隠忍伝説,バンプレスト,2M,4980
268,1992-02-28,新世紀GPXサイバーフォーミュラ,バリエ,1M,3980
269,1992-02-28,平成天才バカボン,ナムコ,1M,3500
270,1992-03-06,高橋名人の冒険島II,ハドソン,1M,3800
271,1992-03-06,ドラゴンスレイヤー外伝 眠りの王冠,エポック社,1M,4500
272,1992-03-06,ラブルセイバーII,キングレコード,512K,3800
273,1992-03-13,ハドソン・ホーク,EPIC・ソニー,1M,3500
274,1992-03-13,読本 夢五誉身 -天神怪戦2-,メルダック,2M,4500
275,1992-03-19,スーパーストリート・バスケットボール,バップ,1M,4200
276,1992-03-19,ロボコップ2,EPIC・ソニー,1M,3500
277,1992-03-27,キャプテン翼VS,テクモ,2M,4200
278,1992-03-27,チキチキマシン猛レース,アトラス,1M,3900
279,1992-03-27,雀四郎,サミー,512K,3800
280,1992-03-27,ちびまる子ちゃん3 めざせ!ゲーム大賞の巻,タカラ,1M,3800
281,1992-03-27,プロサッカー,イマジニア,1M,3800
282,1992-03-27,リトルマスター2 雷光の騎士,徳間書店インターメディア,2M,4800
283,1992-03-28,バットマン -リターンオブザジョーカー-,サンソフト,1M,3800
284,1992-04-03,フック,EPIC・ソニー,1M,3500
285,1992-04-17,DX馬券王Z,アスミック,1M,5900
286,1992-04-24,炎の闘球児 ドッジ弾平,ハドソン,2M,4500
287,1992-04-24,ミグレイン,アクレイムジャパン,256K,3980
288,1992-04-27,星のカービィ,任天堂,2M,2900
289,1992-04-28,ポケットバトル,シグマ,1M,3500
290,1992-04-28,レッド・オクトーバーを追え!,アルトロン,1M,4500
291,1992-05-02,とらっぱーず天国 SPY VS SPY,KEMCO,1M,3800
292,1992-05-02,パネルの忍者ケサマル,エポック社,512K,3500
293,1992-05-29,X（エックス,任天堂,2M,3900
294,1992-06-26,スーパーハンチバック,イマジニア,1M,3800
295,1992-06-26,ソリテア,ヘクト,512K,3900
296,1992-06-26,ホーム・アローン,アルトロン,1M,4500
297,1992-07-03,うる星やつら -ミス友引を捜せ!-,やのまん,2M,5200
298,1992-07-10,まじかる☆タルるートくん2 ライバーゾーンパニック!!,バンダイ,1M,3500
299,1992-07-17,宇宙戦艦ヤマト,ベック,2M,3900
300,1992-07-17,コナミックスポーツ イン バルセロナ,コナミ,1M,3500
301,1992-07-17,東尾修監修 プロ野球スタジアム'92,徳間書店インターメディア,2M,4800
302,1992-07-17,らんま1/2 熱烈格闘編,バンプレスト,2M,3980
303,1992-07-24,ダウンタウン熱血行進曲 どこでも大運動会,テクノスジャパン,2M,3800
304,1992-07-24,バイオニックコマンドー,カプコン,2M,3500
305,1992-07-24,プリンス・オブ・ペルシャ,メサイヤ,1M,3980
306,1992-07-30,ファミスタ2,ナムコ,1M,3500
307,1992-07-31,ペンタドラゴン,やのまん,2M,4800
308,1992-07-31,大工の源さん ゴーストビルディングカンパニー,アイレム,2M,3800
309,1992-08-07,クイズ世界はSHOW by ショーバイ!!,タカラ,2M,3980
310,1992-08-07,シーザースパレス,ココナッツジャパン,1M,3980
311,1992-08-07,ちびまる子ちゃん4 これが日本だよ!王子さま,タカラ,1M,3800
312,1992-08-07,ナノノート,コナミ,1M,4500
313,1992-08-07,バーサスヒーロー 格闘王への道,バンプレスト,1M,3980
314,1992-08-07,マサカリ伝説 金太郎アクション編,トンキンハウス,2M,3980
315,1992-08-11,中嶋悟監修 F-1 HERO GB '92,バリエ,2M,3980
316,1992-08-28,ハイパーブラックバス,ホット・ビィ,2M,4500
317,1992-09-04,SDガンダム SD戦国伝3 地上最強編,バンダイ,2M,4800
318,1992-09-04,セレクションII 暗黒の封印,KEMCO,2M,4800
319,1992-09-12,キン肉マン ザ☆ドリームマッチ,ユタカ,1M,3500
320,1992-09-14,カエルの為に鐘は鳴る,任天堂,4M,3900
321,1992-09-17,ビタミーナ王国物語,ナムコ,2M,4900
322,1992-09-25,コナミックバスケット,コナミ,1M,3500
323,1992-09-25,メルヘン倶楽部,ナグザット,1M,3800
324,1992-09-30,三國志 ゲームボーイ版,光栄,2M,6800
325,1992-10-09,パチンコかぐや姫,ココナッツジャパン,1M,3864
326,1992-10-16,馬番倶楽部,ヘクト,512K,5800
327,1992-10-16,SPOT,BPS,256K,3500
328,1992-10-16,アレサIII,やのまん,2M,4800
329,1992-10-16,バトルドッジボール,バンプレスト,1M,4980
330,1992-10-21,スーパーマリオランド2 6つの金貨,任天堂,4M,3900
331,1992-10-23,アダムス・ファミリー,ミサワエンターテイメント,1M,3900
332,1992-10-30,キョロちゃんランド,ヒロ,256K,3980
333,1992-10-30,ランパート,ジャレコ,1M,4000
334,1992-11-06,ファンタズム,ジャレコ,2M,3900
335,1992-11-13,セイントパラダイス 最強の戦士たち,バンダイ,2M,4800
336,1992-11-13,フェラーリ,ココナッツジャパン,1M,4300
337,1992-11-20,タンブルポップ,DECO,1M,3800
338,1992-11-21,ヨッシーのクッキー,任天堂,1M,2900
339,1992-11-27,アメリカ横断ウルトラクイズ PART3 チャンピオン大会,トミー,2M,3500
340,1992-11-27,きんぎょ注意報!2 ぎょぴちゃんをさがせ!,ビーアイ,1M,4980
341,1992-11-27,元気爆発ガンバルガー,トミー,1M,3800
342,1992-11-27,コナミックアイスホッケー,コナミ,1M,3500
343,1992-11-27,GB原人,ハドソン,2M,3980
344,1992-11-27,トリップワールド,サンソフト,2M,3500
345,1992-12-11,R-TYPE II,アイレム,1M,3800
346,1992-12-11,スーパービックリマン 伝説の石版,ユタカ,2M,3800
347,1992-12-11,ぬ〜ぼ〜,アイレム,2M,3800
348,1992-12-11,ミラクルアドベンチャー エスパークス,トミー,1M,3800
349,1992-12-11,ロックマンワールド3,カプコン,2M,3500
350,1992-12-15,ダンジョンランド,エニックス,1M,4600
351,1992-12-18,宇宙の騎士テッカマンブレード,ユタカ,1M,3500
352,1992-12-18,木づちだクイズだ源さんだ!,アイレム,2M,3800
353,1992-12-18,クイズ日本昔話 アテナのハテナ?,アテナ,2M,3980
354,1992-12-18,地球解放軍ジアース,T&E SOFT,1M,3500
355,1992-12-18,ドクターフランケン,KEMCO,1M,3900
356,1992-12-18,トムとジェリー,アルトロン,1M,4500
357,1992-12-18,美少女戦士セーラームーン,エンジェル,1M,3500
358,1992-12-18,ひとりでできるもん! 〜クッキング伝説〜,バップ,1M,3900
359,1992-12-18,ミッキーズ・チェイス,KEMCO,1M,3800
360,1992-12-19,ドラえもん2 アニマル惑星伝説,エポック社,1M,3900
361,1992-12-22,4 IN 1 ファンパック,イマジニア,1M,3800
362,1992-12-22,ルーニー・テューンズ バッグスバニーとゆかいな仲間たち,サンソフト,2M,3600
363,1992-12-25,ゼノン2 メガブラスト,PCMコンプリート,1M,3864
364,1992-12-25,バトルスペース バーコードボーイ同梱,ナムコ,512K,8300
365,1992-12-25,女神転生外伝 ラストバイブル,アトラス,2M,5300
366,1992-12-26,ウィザードリィ外伝II 古代皇帝の呪い,アスキー,2M,4635
367,1992-12-27,Jリーグ ファイティングサッカー,IGS,1M,4800
368,1992-12-27,ヘラクレスの栄光 -動き出した神々-,DECO,2M,4800
369,1993-01-03,悪魔城すぺしゃる ぼくドラキュラくん,コナミ,2M,3800
370,1993-01-08,ダーティ・レーシング,ジャレコ,1M,3900
371,1993-01-29,新日本プロレスリング 闘魂三銃士,バリエ,1M,3980
372,1993-01-29,リングレイジ,タイトー,1M,3900
373,1993-02-12,サンダーバード,ビーアイ,1M,3980
374,1993-02-19,ザードの伝説2 偽神の領域,ビック東海,4M,4900
375,1993-02-26,ONI III 黒の破壊神,バンプレスト,2M,4980
376,1993-02-26,高橋名人の冒険島III,ハドソン,2M,3800
377,1993-02-26,バートのサバイバルキャンプ,アクレイムジャパン,1M,3980
378,1993-02-26,バーニング・ペーパー,ジー・アミューズメンツ,1M,3200
379,1993-03-12,CULT MASTER ウルトラマンに魅せられて,バンダイ,2M,3800
380,1993-03-19,キラートマト,アルトロン,1M,4500
381,1993-03-19,ザ・キックボクシング,マイクロワールド,2M,4200
382,1993-03-19,サンリオカーニバル2,キャラクターソフト,512K,3296
383,1993-03-19,GBバスケットボール,イマジニア,1M,3900
384,1993-03-19,ダブル役満,バップ,1M,4500
385,1993-03-19,モンスターメーカー2 ウルの秘剣,ソフエル,2M,4980
386,1993-03-26,アウトバースト,コナミ,2M,4000
387,1993-03-26,GIキング! 三匹の予想屋,ビック東海,512K,5900
388,1993-03-26,ミロンの迷宮組曲,ハドソン,1M,3800
389,1993-04-09,クレヨンしんちゃん “オラとシロはお友達だよ”,バンダイ,1M,3500
390,1993-04-16,NBAオールスターチャレンジ2,アクレイムジャパン,1M,3900
391,1993-04-16,魔界村外伝 THE DEMON DARKNESS,カプコン,2M,3500
392,1993-04-23,ミッキーマウスIV 魔法のラビリンス,KEMCO,1M,3900
393,1993-05-21,WWFスーパースターズ2,ホット・ビィ,1M,3980
394,1993-05-21,妖精物語ロッドランド,ジャレコ,512K,3900
395,1993-05-28,鈴木亜久里のF-1スーパードライビング,ロジーク,2M,3900
396,1993-05-28,バブルボブルジュニア,タイトー,1M,3600
397,1993-05-28,ポピュラス外伝,イマジニア,1M,4900
398,1993-06-06,ゼルダの伝説 夢をみる島,任天堂,4M,3900
399,1993-06-18,パチスロキッズ,ココナッツジャパン,1M,3980
400,1993-06-25,スプリッツ 似顔絵15ゲーム,イマジニア,512K,3900
401,1993-06-25,ブービーボーイズ,ニチブツ,2M,3800
402,1993-07-09,エイリアン3,アクレイムジャパン,1M,3980
403,1993-07-16,びっくり熱血新記録! どこでも金メダル,テクノスジャパン,2M,3800
404,1993-07-16,マイケル・ジョーダン ONE ON ONE,エレクトロニック・アーツ・ビクター,512K,3900
405,1993-07-20,ゴッドメディスン ファンタジー世界の誕生,コナミ,2M,4500
406,1993-07-23,ああ播磨灘,アスク講談社,1M,4500
407,1993-07-23,Jカップサッカー,ジャレコ,1M,3900
408,1993-07-23,ジミー コナーズのプロテニスツアー,ミサワエンターテイメント,512K,3900
409,1993-07-23,MYSTERIUM,バップ,1M,4500
410,1993-07-23,幽☆遊☆白書,トミー,2M,3980
411,1993-07-30,主役戦隊アイレムファイター,アイレム,2M,3800
412,1993-07-30,的中ラッシュ,日本クラリービジネス,512K,6900
413,1993-07-30,鉄球ファイト! ザ・グレイトバトル外伝,バンプレスト,1M,3980
414,1993-08-06,ソルダム,ジャレコ,1M,3900
415,1993-08-06,らんま1/2 格劇問答!!,バンプレスト,2M,3980
416,1993-08-08,桃太郎電劇,ハドソン,2M,4500
417,1993-08-10,モンスターメーカー バーコードサーガ,ナムコ,1M,3800
418,1993-08-19,ダブル役満Jr.,バップ,1M,4800
419,1993-08-20,仮面ライダーSD 走れ! マイティライダーズ,ユタカ,1M,3599
420,1993-08-27,MVPベースボール,アクレイムジャパン,2M,4500
421,1993-08-27,勝馬予想 競馬貴族,キングレコード,1M,5900
422,1993-08-27,ファミリージョッキー2 〜名馬の血統〜,ナムコ,1M,4500
423,1993-09-10,カルトジャンプ,バンダイ,2M,3800
424,1993-09-17,ダブル役満II,バップ,1M,4800
425,1993-09-23,レミングス,イマジニア,1M,3900
426,1993-09-24,エイリアンVSプレデター,アスク講談社,1M,4500
427,1993-09-25,ウィザードリィ外伝III 闇の聖典,アスキー,4M,5150
428,1993-10-08,カットビロード,ナムコ,1M,4800
429,1993-10-22,クレヨンしんちゃん2 “オラとわんぱくごっこだゾ”,バナレックス,1M,3500
430,1993-10-29,アメリカ横断ウルトラクイズ PART4,トミー,2M,3980
431,1993-10-29,ファミスタ3,ナムコ,2M,4900
432,1993-10-29,ロックマンワールド4,カプコン,4M,3500
433,1993-11-19,ウルティマ 〜失われたルーン2〜,ポニーキャニオン,2M,4900
434,1993-11-19,パチ夫くん,ココナッツジャパン,1M,3980
435,1993-11-19,女神転生外伝 ラストバイブルII,アトラス,2M,5300
436,1993-11-26,ティーンエイジ・ミュータント・ニンジャ・タートルズ3,コナミ,1M,3500
437,1993-11-26,UNO スモールワールド,トミー,2M,3980
438,1993-11-27,カービィのピンボール,任天堂,2M,2900
439,1993-12-03,ダックテイルズ2,カプコン,1M,3500
440,1993-12-10,アンダーカバーコップス 破壊神ガルマァ,アイレム,2M,3800
441,1993-12-10,ピングー 世界で1番元気なペンギン,ビーアイ,2M,4200
442,1993-12-10,幽☆遊☆白書 第2弾 暗黒武術会編,トミー,2M,3980
443,1993-12-17,怪獣王ゴジラ,バンダイ,2M,3800
444,1993-12-17,馬券王V3,アスミック,1M,6500
445,1993-12-18,最後の忍道,アイレム,1M,3800
446,1993-12-22,タイニートゥーン アドベンチャーズ2 〜バスター・バニーのかっとびだいぼうけん〜,コナミ,1M,3600
447,1993-12-22,ダウンタウンスペシャル くにおくんの時代劇だよ全員集合!,テクノスジャパン,2M,4800
448,1993-12-22,ミッキーマウスV 魔法のステッキ,KEMCO,1M,3900
449,1993-12-24,モータルコンバット,アクレイムジャパン,2M,4300
450,1994-01-07,バトルトード,メサイヤ,1M,4200
451,1994-01-14,トムとジェリー パート2,アルトロン,1M,4500
452,1994-01-21,スーパーマリオランド3 ワリオランド,任天堂,4M,3900
453,1994-02-11,スポット クールアドベンチャー,ヴァージンゲーム,1M,4200
454,1994-02-11,バーチャルウォーズ,ココナッツジャパン,1M,4900
455,1994-02-18,スーパー桃太郎電鉄II,ハドソン,2M,4500
456,1994-02-18,武田修宏のエースストライカー,ジャレコ,2M,4900
457,1994-02-18,ホイホイ ゲームボーイ版,光栄,1M,4800
458,1994-02-25,T2 ザ・アーケードゲーム,アクレイムジャパン,1M,3890
459,1994-03-03,ウェルカムなかよしパーク,バンダイ,2M,3800
460,1994-03-11,ONI IV 鬼神の血族,バンプレスト,2M,4980
461,1994-03-11,疾風!アイアンリーガー,バンダイ,1M,3500
462,1994-03-18,雀四郎2,サミー,1M,4200
463,1994-03-25,剣勇伝説YAIBA,バンプレスト,2M,3980
464,1994-03-25,大工の源さん ロボット帝国の野望,アイレム,2M,3800
465,1994-03-25,WWF キング オブ ザ リング,アクレイムジャパン,1M,4200
466,1994-03-25,南国少年パプワくん 〜ガンマ団の野望〜,エニックス,1M,3900
467,1994-03-25,ルクル,ビック東海,4M,4800
468,1994-03-25,ロロの大冒険,イマジニア,1M,3900
469,1994-03-26,クレヨンしんちゃん3 オラのごきげんアスレチック,バンダイ,1M,3500
470,1994-04-01,Mr.GOの馬券的中術,タイトー,1M,5900
471,1994-04-02,Jリーグ ウィニングゴール,エレクトロニック・アーツ・ビクター,1M,5980
472,1994-04-08,詰め将棋 〜百番勝負〜,イマジニア,512K,4700
473,1994-04-15,詰将棋 問題提供『将棋世界』,アイマックス,512K,4700
474,1994-04-15,もぐらでポン!,アテナ,256K,3900
475,1994-04-22,GB原人ランド ビバ!ちっくん王国,ハドソン,2M,3800
476,1994-04-22,天地を喰らう,カプコン,2M,4600
477,1994-04-22,パチ夫くん キャッスル,ココナッツジャパン,1M,3980
478,1994-04-22,美少女戦士セーラームーンR,エンジェル,2M,3800
479,1994-04-22,フィジェッツ,ココナッツジャパン,2M,4300
480,1994-04-28,ノンタンといっしょ くるくるぱする,ビクターエンタテインメント,1M,3900
481,1994-04-29,ルーニー・トゥーンズ それゆけ!スピーディー・ゴンザレス,サンソフト,2M,3900
482,1994-05-27,太陽の天使マーロー お花畑は大パニック!,テクノスジャパン,2M,3900
483,1994-06-03,幽☆遊☆白書 第3弾 魔界の扉編,トミー,2M,3980
484,1994-06-10,ザ・心理ゲーム,ヴィジット,2M,4500
485,1994-06-10,パチスロキッズ2,ココナッツジャパン,1M,4500
486,1994-06-14,ドンキーコング,任天堂,4M,3900
487,1994-06-14,テトリスフラッシュ,任天堂,1M,2900
488,1994-06-17,ワールドカップストライカー,ココナッツジャパン,1M,4500
489,1994-06-30,熱闘サムライスピリッツ,タカラ,4M,4660
490,1994-07-01,ろっくん!もんすたぁ!!,ホリ電機,4M,3900
491,1994-07-15,キテレツ大百科 冒険大江戸ジュラ紀,ビデオシステム,2M,3900
492,1994-07-15,全日本プロレス ジェット,メサイヤ,2M,4880
493,1994-07-22,ロックマンワールド5,カプコン,4M,3800
494,1994-07-29,勝馬予想 競馬貴族EX'94,キングレコード,1M,6900
495,1994-07-29,クリスティーワールド,アクレイムジャパン,1M,3980
496,1994-07-29,GBパチスロ必勝法!Jr.,サミー,1M,4777
497,1994-07-29,ジャングルの王者ターちゃん,バンダイ,2M,3980
498,1994-07-29,熱血!ビーチバレーだよ くにおくん,テクノスジャパン,2M,3800
499,1994-07-29,熱闘餓狼伝説2 -あらたなるたたかい-,タカラ,4M,4660
500,1994-07-29,パチスロワールドカップ'94,アイマックス,2M,4500
501,1994-07-29,ワールドカップUSA'94,サンソフト,1M,4800
502,1994-07-31,ぷよぷよ,バンプレスト,2M,3980
503,1994-08-05,3丁目のタマ TAMA and FRIENDS 3丁目おばけパニック,ビーアイ,1M,3980
504,1994-08-05,ポコニャン!夢の大冒険,小学館プロダクション,2M,4300
505,1994-08-10,ボンバーマンGB,ハドソン,2M,4300
506,1994-08-11,テレビアニメ スラムダンク がけっぷちの決勝リーグ,バンダイ,2M,3980
507,1994-08-26,ウルトラマン超闘士激伝,エンジェル,2M,3800
508,1994-08-26,クレヨンしんちゃん4 “オラのいたずら大変身”,バンダイ,1M,3800
509,1994-09-09,新SDガンダム外伝 ナイトガンダム物語,バンダイ,2M,3980
510,1994-09-16,スーパーストリート・バスケットボール2,バップ,1M,4800
511,1994-09-16,連対王,ヴィジット,512K,5500
512,1994-09-22,とっても!ラッキーマン ラッキークッキーみんな大好きー!!,バンダイ,2M,3980
513,1994-09-23,魂斗羅スピリッツ,コナミ,1M,3800
514,1994-09-30,オセロワールド,ツクダオリジナル,512K,3900
515,1994-09-30,ルーニー・トゥーンズ ダフィー・ダック,サンソフト,2M,4300
516,1994-09-30,ザ・シンプソンズ バートのジャックと豆の木,アクレイムジャパン,1M,3900
517,1994-10-07,本命ボーイ,ニチブツ,2M,6700
518,1994-10-14,ザ・心理ゲーム2 大阪編,ヴィジット,2M,4500
519,1994-10-19,詰碁シリーズ1 藤沢秀行名誉棋聖,魔法,1M,4900
520,1994-10-19,詰将棋 神吉五段,魔法,1M,4900
521,1994-10-21,GB原人2,ハドソン,2M,3980
522,1994-10-28,チェスマスター,アルトロン,512K,4500
523,1994-10-28,TVチャンピオン,ユタカ,2M,3980
524,1994-10-28,馬券王TV'94,アスミック,1M,6500
525,1994-10-28,マサカリ伝説 金太郎RPG編,トンキンハウス,4M,4660
526,1994-11-11,モータルコンバットII 究極神拳,アクレイムジャパン,2M,4200
527,1994-11-18,携帯 競馬エイトスペシャル,イマジニア,1M,6900
528,1994-11-18,ニチブツマージャン吉本劇場,ニチブツ,2M,4800
529,1994-11-25,タイニートゥーン アドベンチャーズ3 〜ドキドキスポーツフェスティバル〜,コナミ,1M,3800
530,1994-11-25,ドラゴンボールZ 悟空飛翔伝,バンダイ,2M,3800
531,1994-11-25,パチ夫くん2,ココナッツジャパン,1M,4500
532,1994-11-25,本将棋,イマジニア,512K,4980
533,1994-12-09,パックパニック,ナムコ,1M,3500
534,1994-12-09,幽☆遊☆白書 第4弾 魔界統一編,トミー,2M,3980
535,1994-12-16,桃太郎電劇2,ハドソン,4M,4500
536,1994-12-20,スーパー・スネーキー,四次元,512K,3800
537,1994-12-22,ウルトラマンボール,ベック,1M,3800
538,1994-12-22,トコロ'sまあじゃんJr.,ビック東海,2M,4800
539,1994-12-23,インディ・ジョーンズ 最後の聖戦,ココナッツジャパン,1M,4300
540,1994-12-23,将棋最強,魔法,2M,4980
541,1994-12-23,灘麻太郎のパワフル麻雀 〜次の一手100題〜,四次元,1M,4800
542,1994-12-23,プロ麻雀 極GB,アテナ,1M,4900
543,1995-01-03,パックインタイム,ナムコ,2M,3800
544,1995-01-13,スーパーチャイニーズランド3,カルチャーブレーン,2M,4200
545,1995-01-27,パチスロ必勝ガイドGB,マジファクト,1M,4500
546,1995-01-27,バトルクラッシャー,バンプレスト,2M,3980
547,1995-01-27,ママレード・ボーイ,バンダイ,2M,3980
548,1995-02-24,熱闘ワールドヒーローズ2JET,タカラ,4M,4660
549,1995-03-03,アナザ・バイブル,アトラス,4M,5500
550,1995-03-03,UNO2 スモールワールド,トミー,1M,3800
551,1995-03-03,ガメラ 大怪獣空中決戦,エンジェル,2M,3980
552,1995-03-14,マリオのピクロス,任天堂,2M,3900
553,1995-03-17,NFLクォーターバッククラブ'95,アクレイムジャパン,2M,3900
554,1995-03-17,スーパーボンブリス,BPS,1M,4500
555,1995-03-17,テレビアニメ スラムダンク2 全国へのTIP OFF,バンダイ,4M,4200
556,1995-03-21,星のカービィ2,任天堂,4M,3900
557,1995-03-24,ONI V 隠忍を継ぐ者,バンプレスト,2M,4980
558,1995-03-24,原人コッツ,ビーアイ,2M,4500
559,1995-03-24,パチスロキッズ3,ココナッツジャパン,2M,4500
560,1995-04-07,蒼き伝説シュート!,バンプレスト,2M,3980
561,1995-04-14,SD飛龍の拳外伝,カルチャーブレーン,4M,4700
562,1995-04-14,勝馬予想 競馬貴族EX'95,キングレコード,1M,6900
563,1995-04-21,Jリーグ ライブ'95,エレクトロニック・アーツ・ビクター,2M,5980
564,1995-04-28,赤ずきんチャチャ,トミー,2M,3900
565,1995-04-28,空想科学世界ガリバーボーイ 空想科学パズル プリッとポン,バンダイ,2M,3980
566,1995-04-28,チキチキ天国,J・ウィング,256K,3900
567,1995-04-28,パチ夫くん3,ココナッツジャパン,1M,4800
568,1995-04-28,魔法陣グルグル 勇者とククリの大冒険,タカラ,2M,3980
569,1995-05-26,ちびまる子ちゃん まる子デラックス劇場,タカラ,1M,3980
570,1995-06-02,魔法騎士レイアース,トミー,2M,4500
571,1995-06-16,モグモグGOMBO 遥かなる超料理伝説,バンダイ,2M,4800
572,1995-06-23,人生ゲーム,タカラ,2M,4660
573,1995-06-23,パチンコ物語外伝,ケイエスエス,4M,5980
574,1995-06-30,スーパーパチンコ大戦,バンプレスト,2M,3980
575,1995-06-30,第2次スーパーロボット大戦G,バンプレスト,4M,5980
576,1995-07-14,ギャラガ&ギャラクシアン,ナムコ,1M,3800
577,1995-07-14,NINKU -忍空-,トミー,4M,4200
578,1995-07-14,フリスキー・トム,ニチブツ,1M,3980
579,1995-07-27,スーパードンキーコングGB,任天堂,4M,3900
580,1995-07-28,アルフレッドチキン,サンソフト,2M,4300
581,1995-08-04,おとぎ話大戦,四次元,2M,4900
582,1995-08-10,ボンバーマンGB2,ハドソン,2M,4800
583,1995-08-11,ストリートファイターII,カプコン,4M,4800
584,1995-08-25,ゴーゴー アックマン,バンプレスト,2M,3980
585,1995-08-25,ドラゴンボールZ 悟空激闘伝,バンダイ,4M,5800
586,1995-09-14,キャプテン翼J 全国制覇への挑戦,バンダイ,4M,4200
587,1995-10-20,ハイパーブラックバス'95,スターフィッシュ,2M,4500
588,1995-10-27,NBAジャム トーナメントエディション,アクレイムジャパン,4M,4800
589,1995-10-27,ジャッジ・ドレッド,アクレイムジャパン,2M,4500
590,1995-10-27,バットマン フォーエヴァー,アクレイムジャパン,2M,4200
591,1995-10-27,フォアマン フォー リアル,アクレイムジャパン,2M,4200
592,1995-10-27,魔法騎士レイアース2nd ミッシングカラーズ,トミー,2M,4500
593,1995-11-24,Jリーグ・ビッグウェイブサッカー,トミー,2M,4800
594,1995-11-24,NINKU -忍空- 第2弾 忍空戦争編,トミー,4M,4800
595,1995-12-08,ウェディングピーチ 〜じゃ魔ピーパニック〜,ケイエスエス,2M,4980
596,1995-12-14,カービィのブロックボール,任天堂,4M,3900
597,1995-12-22,東京ディズニーランド ミッキーのシンデレラ城ミステリーツアー,トミー,4M,4200
598,1995-12-22,P-マン,KEMCO,1M,4200
599,1995-12-27,忍たま乱太郎GB,カルチャーブレーン,2M,4800
600,1995-12-29,ブロックくずしGB,POW[プランニングオフィスワダ],1M,3980
601,1996-02-27,ポケットモンスター 赤,任天堂,4M,3980
602,1996-02-27,ポケットモンスター 緑,任天堂,4M,3980
603,1996-02-29,クマのプー太郎 宝さがしだ大入ゲームバトル!,タカラ,2M,3980
604,1996-03-22,熱闘闘神伝,タカラ,4M,4660
605,1996-04-26,熱闘ザ・キング・オブ・ファイターズ'95,タカラ,4M,4500
606,1996-05-01,ドラえもんのスタディボーイ1 小一こくご かん字,小学館,4M,2850
607,1996-05-01,ドラえもんのスタディボーイ2 小一さんすう けいさん,小学館,4M,2850
608,1996-05-17,連珠倶楽部,ヘクト,256K,2480
609,1996-06-21,バスフィッシング 達人手帳,スターフィッシュ,4M,9800
610,1996-07-21,モグラ〜ニャ,任天堂,4M,3900
611,1996-07-21,ナムコギャラリーVol.1,ナムコ,4M,3980
612,1996-07-21,ボンバーマンコレクション,ハドソン,8M,3980
613,1996-08-09,桃太郎コレクション,ハドソン,8M,3980
614,1996-08-23,熱闘サムライスピリッツ 斬紅郎無双剣,タカラ,8M,4500
615,1996-09-13,スーパーチャイニーズランド1・2・3',カルチャーブレーン,8M,3980
616,1996-09-27,SD飛龍の拳外伝2,カルチャーブレーン,8M,4200
617,1996-09-27,ストリートレーサー,Ubiソフト,1M,4980
618,1996-09-27,スポーツコレクション,トンキンハウス,4M,3980
619,1996-10-15,ポケットモンスター 青,任天堂,4M,3000
620,1996-10-19,ピクロス2,任天堂,4M,3000
621,1996-10-26,ヨッシーのパネポン,任天堂,4M,3000
622,1996-11-01,パズル忍たま乱太郎GB,カルチャーブレーン,2M,3980
623,1996-11-22,原人コレクション,ハドソン,8M,3980
624,1996-11-22,不思議のダンジョン 風来のシレンGB 月影村の怪物,チュンソフト,4M,3900
625,1996-11-23,ドンキーコングランド,任天堂,4M,3000
626,1996-11-29,ナムコギャラリーVol.2,ナムコ,4M,3980
627,1996-11-29,パチ夫くん ゲームギャラリー,ココナッツジャパン,4M,4300
628,1996-12-01,ドラえもんのスタディボーイ3 九九マスター,小学館,4M,2850
629,1996-12-02,クレヨンしんちゃん オラのごきげんコレクション,バンダイ,2M,3980
630,1996-12-06,桃太郎コレクション2,ハドソン,8M,3980
631,1996-12-13,ゲゲゲの鬼太郎 妖怪創造主現る!,バンダイ,2M,4500
632,1996-12-13,合格ボーイシリーズ 英単語ターゲット1900,イマジニア,2M,2050
633,1996-12-13,ぽけっとぷよぷよ通,コンパイル,2M,3900
634,1996-12-20,ボンバーマンGB3,ハドソン,2M,3980
635,1996-12-21,スヌーピーのはじめてのおつかい,KEMCO,1M,3980
636,1996-12-21,みどりのマキバオー,トミー,2M,3900
637,1996-12-27,テトリスプラス,ジャレコ,2M,3980
638,1996-12-27,ミニ4ボーイ,J・ウィング,4M,4980
639,1996-12-27,名探偵コナン 地下遊園地殺人事件,バンダイ,2M,3980
640,1996-12-28,スーパーチャイニーズファイターGB,カルチャーブレーン,8M,3980
641,1996-12-28,スーパーブラックバスポケット,スターフィッシュ,8M,4980
642,1997-01-24,合格ボーイシリーズ 日本史ターゲット201,イマジニア,2M,2050
643,1997-01-25,カービィのきらきらきっず,任天堂,2M,3000
644,1997-01-31,ズープ,やのまん,512K,2800
645,1997-02-01,ゲームボーイギャラリー,任天堂,2M,3000
646,1997-02-21,チャルボ55,日本システムサプライ,4M,3800
647,1997-02-28,タイトーバラエティパック,タイトー,4M,3800
648,1997-03-28,合格ボーイシリーズ 英熟語ターゲット1000,イマジニア,2M,2480
649,1997-04-25,SAME GAME,ハドソン,2M,3480
650,1997-05-23,ミニ四駆GB レッツ&ゴー!!,アスキー,4M,4900
651,1997-06-01,ドラえもんのスタディボーイ4 小二国語 かん字,小学館,4M,2850
652,1997-06-01,ドラえもんのスタディボーイ5 小二算数 計算,小学館,4M,2850
653,1997-06-20,スーパーブラックバスポケット2,スターフィッシュ,8M,3980
654,1997-06-27,ゲームで発見!!たまごっち,バンダイ,4M,4500
655,1997-06-27,ゲームボーイウォーズターボ,ハドソン,4M,4200
656,1997-06-27,合格ボーイシリーズ 高校入試 でる順 中学英単語1700,イマジニア,2M,2480
657,1997-07-11,合格ボーイシリーズ Z会究極の英単語1500,イマジニア,2M,2000
658,1997-07-11,スーパービーダマン ファイティングフェニックス,ハドソン,4M,3980
659,1997-07-18,それゆけ!!キッド,KEMCO,1M,3980
660,1997-07-18,ポケットラブ,KID,4M,4800
661,1997-07-25,合格ボーイシリーズ 高校入試 でる順 中学英熟語350,イマジニア,2M,2480
662,1997-07-25,ナムコギャラリーVol.3,ナムコ,4M,3980
663,1997-07-25,ポケット麻雀,ボトムアップ,1M,3980
664,1997-08-08,熱闘ザ・キング・オブ・ファイターズ'96,タカラ,4M,3980
665,1997-08-08,マッハGoGoGo,トミー,2M,4800
666,1997-08-22,ディノブリーダー,J・ウィング,2M,4800
667,1997-08-29,合格ボーイシリーズ 高校入試の でる順 漢字問題の征服,イマジニア,2M,2480
668,1997-08-29,マネーアイドルエクスチェンジャー,アテナ,2M,3980
669,1997-09-11,あにまるぶりーだー,J・ウィング,4M,4800
670,1997-09-19,川のぬし釣り3,パック・イン・ソフト,4M,3600
671,1997-09-25,コナミGBコレクションVol.1,コナミ,4M,3980
672,1997-09-26,おやつクイズ もぐもぐQ,スターフィッシュ,2M,3500
673,1997-09-26,合格ボーイシリーズ 高校入試 歴史年代あんきポイント240,イマジニア,2M,2480
674,1997-09-26,ミニ4ボーイII,J・ウィング,4M,4800
675,1997-09-27,ゲームボーイギャラリー2,任天堂,4M,3000
676,1997-10-01,合格ボーイシリーズ 高校入試 理科あんきポイント250,イマジニア,2M,2480
677,1997-10-01,合格ボーイシリーズ Z会究極の英熟語1017,イマジニア,2M,2000
678,1997-10-17,ゲームで発見!!たまごっち2,バンダイ,4M,4286
679,1997-10-17,プリクラポケット 不完全女子高生マニュアル,アトラス,4M,3980
680,1997-10-31,合格ボーイシリーズ 英検2級レベルの会話表現333,イマジニア,2M,2480
681,1997-11-21,コレクションポケット,ナグザット,2M,3980
682,1997-11-27,悪魔城ドラキュラ 漆黒たる前奏曲,コナミ,2M,3980
683,1997-11-28,合格ボーイシリーズ Z会究極の英語構文285,イマジニア,2M,2480
684,1997-11-28,トランプコレクションGB,ボトムアップ,1M,3980
685,1997-11-28,メダロット カブトバージョン,イマジニア,4M,3980
686,1997-11-28,メダロット クワガタバージョン,イマジニア,4M,3980
687,1997-11-29,プリクラポケット2 彼氏改造大作戦,アトラス,4M,3980
688,1997-12-04,がんばれゴエモン 黒船党の謎,コナミ,2M,3980
689,1997-12-05,サンリオうらないパーティ,イマジニア,2M,2980
690,1997-12-11,コナミGBコレクションVol.2,コナミ,4M,3980
691,1997-12-12,超魔神英雄伝ワタル まぜっこモンスター,バンプレスト,4M,3800
692,1997-12-12,ポケットボンバーマン,ハドソン,4M,3980
693,1997-12-19,カラムー町の大事件,スターフィッシュ,2M,3800
694,1997-12-19,スタースイープ,アクセラ,2M,3800
695,1997-12-19,バッグス・バニーコレクション,KEMCO,2M,3480
696,1997-12-19,牧場物語GB,パック・イン・ソフト,4M,3980
697,1998-01-10,ポケット漢字郎,新学社,4M,3800
698,1998-01-15,ゲームで発見!!たまごっち オスっちとメスっち,バンダイ,4M,4286
699,1998-01-30,合格ボーイシリーズ 学研 慣用句・ことわざ210,イマジニア,2M,1990
700,1998-01-30,合格ボーイシリーズ 学研 四字熟語288,イマジニア,2M,1990
701,1998-01-30,ニューチェスマスター,アルトロン,512K,4500
702,1998-02-19,コナミGBコレクションVol.3,コナミ,4M,3980
703,1998-02-20,NAVY BLUE 98,ショウエイシステム,2M,3980
704,1998-02-27,ネクタリスGB,ハドソン,4M,4200
705,1998-02-27,ポケットキョロちゃん,トミー,2M,3980
706,1998-03-05,大貝獣物語 ザ・ミラクル オブ ザ・ゾーン,ハドソン,4M,3980
707,1998-03-06,頭文字D外伝,講談社,2M,3980
708,1998-03-06,もんすたあ★レース,光栄,4M,3980
709,1998-03-13,パチンコ CR大工の源さんGB,日本テレネット,2M,3980
710,1998-03-13,ポケットラブ2,KID,8M,4800
711,1998-03-19,コナミGBコレクションVol.4,コナミ,4M,3980
712,1998-03-20,合格ボーイシリーズ Z会 例文で覚える 中学英単語1132,イマジニア,2M,2000
713,1998-03-20,合格ボーイシリーズ 山川 一問一答 世界史B用語問題集,イマジニア,4M,2480
714,1998-03-20,ドラえもんカート,エポック社,2M,3980
715,1998-03-20,メダロット パーツコレクション,イマジニア,4M,3980
716,1998-03-26,ゴッドメディスン 復刻版,コナミ,4M,3980
717,1998-03-26,パワプロGB,コナミ,2M,3980
718,1998-03-27,カンヅメモンスター,アイマックス,4M,4500
719,1998-03-27,熱闘リアルバウト餓狼伝説スペシャル,タカラ,4M,3980
720,1998-04-10,パズルボブルGB,タイトー,1M,3500
721,1998-04-22,合格ボーイシリーズ 桐原書店 頻出英文法・語法問題1000,イマジニア,2M,2480
722,1998-04-22,合格ボーイシリーズ 山川 一問一答 日本史B用語問題集,イマジニア,4M,2480
723,1998-04-24,ポケットバスフィッシング,ボトムアップ,1M,3980
724,1998-05-01,セレクションI&II 選ばれし者&暗黒の封印,KEMCO,4M,3980
725,1998-05-15,あにまるぶりーだー2,J・ウィング,4M,4800
726,1998-05-22,日本代表チーム 栄光のイレブン,トミー,2M,3580
727,1998-05-29,合格ボーイシリーズ 学研 歴史512,イマジニア,2M,1990
728,1998-05-29,メダロット パーツコレクション2,イマジニア,4M,3980
729,1998-06-04,ワールドサッカーGB,コナミ,4M,3980
730,1998-06-05,ディノブリーダー2,J・ウィング,4M,4800
731,1998-06-19,忍たま乱太郎GB えあわせチャレンジパズル,カルチャーブレーン,4M,3980
732,1998-06-19,ミニ四駆GB レッツ&ゴー!! オールスターバトルMAX,アスキー,8M,4800
733,1998-06-26,いつでも!にゃんとワンダフル,バンプレスト,2M,3980
734,1998-06-26,合格ボーイシリーズ □いアタマを○くする 数字で遊ぼう算数編,イマジニア,2M,2480
735,1998-06-26,Jリーグサポーターサッカー,J・ウィング,4M,5500
736,1998-06-26,日刊べるとも倶楽部,アイマックス,4M,4500
737,1998-07-02,高気圧ボーイ,コナミ,4M,3980
738,1998-07-10,海のぬし釣り2,パック・イン・ソフト,8M,3600
739,1998-07-10,GO!GO!ヒッチハイク,J・ウィング,4M,4800
740,1998-07-10,合格ボーイシリーズ 99年度版 英単語センター1500,イマジニア,2M,2480
741,1998-07-17,化石創世リボーン,スターフィッシュ,4M,3980
742,1998-07-24,魚群探知機 ポケットソナー,バンダイ,4M,14800
743,1998-07-24,グランダー武蔵RV,バンダイ,4M,5800
744,1998-07-24,東京ディズニーランド ファンタジーツアー,トミー,4M,4200
745,1998-07-24,爆釣烈伝 翔 〜ハイパー・フィッシング〜,スターフィッシュ,4M,3980
746,1998-07-31,早押しクイズ 〜王座決定戦〜,ジャレコ,4M,3980
747,1998-07-31,ブレインドレイン,アクレイムジャパン,1M,3500
748,1998-07-31,桃太郎電鉄jr. 〜全国ラーメンめぐりの巻〜,ハドソン,4M,3980
749,1998-08-06,上海Pocket,サンソフト,2M,3980
750,1998-08-07,超魔神英雄伝ワタル まぜっこモンスター2,バンプレスト,4M,3980
751,1998-08-07,テュロック 〜バイオノザウルスの戦い〜,スターフィッシュ,2M,3980
752,1998-08-07,名探偵コナン 疑惑の豪華列車,バンダイ,2M,3980
753,1998-08-09,ポケットファミリーGB,ハドソン,4M,3980
754,1998-08-28,昆虫博士,J・ウィング,4M,4800
755,1998-09-10,モータルコンバット&モータルコンバットII,アクレイムジャパン,8M,3980
756,1998-09-11,釣り先生,J・ウィング,4M,4800
757,1998-09-11,ポケット将棋,ボトムアップ,2M ,3980
758,1998-09-12,ポケットモンスター ピカチュウ,任天堂,8M,3000
759,1998-09-18,超速スピナー,ハドソン,4M,4500
760,1998-09-25,ドラゴンクエストモンスターズ テリーのワンダーランド,エニックス,16M,4900
761,1998-09-25,ポケットゴルフ,ボトムアップ,1M,3980
762,1998-10-02,もんすたあ★レース おかわり,光栄,4M,3980
763,1998-10-15,爆釣 リトリーブマスター,コナミ,4M,3980
764,1998-10-16,新競馬貴族 ポケットジョッキー,キングレコード,4M,5800
765,1998-10-21,ワリオランド2 盗まれた財宝,任天堂,16M,3500
766,1998-10-21,テトリスDX,任天堂,4M,3500
767,1998-10-21,グローカルヘキサイト,NECインターチャネル,8M,3980
768,1998-10-23,ポケットボウリング,アテナ,4M,3800
769,1998-10-30,ポケット電車,ココナッツジャパン,4M,3980
770,1998-11-13,本格将棋 将棋王,童,8M,3980
771,1998-11-20,ゲームボーイウォーズ2,ハドソン,8M,4200
772,1998-11-27,激闘パワーモデラー,カプコン,4M,3980
773,1998-11-27,サンリオタイムネット 過去編,イマジニア,8M,3500
774,1998-11-27,サンリオタイムネット 未来編,イマジニア,8M,3500
775,1998-11-27,スーパーブラックバスポケット3,スターフィッシュ,8M,3980
776,1998-11-27,ドラえもんのGAME BOYであそぼうよ デラックス10,エポック社,2M,3800
777,1998-11-27,ぽけっとぷよぷよSUN,コンパイル,8M,3980
778,1998-12-04,ロボットポンコッツ 太陽バージョン,ハドソン,8M,3980
779,1998-12-04,ロボットポンコッツ 星バージョン,ハドソン,8M,3980
780,1998-12-11,カラムー町は大さわぎ! 〜ポリンキーズとおかしな仲間たち〜,スターフィッシュ,8M,3980
781,1998-12-11,ゲームボーイモノポリー,ハズブロージャパン,8M,3980
782,1998-12-11,バーディガン バーコードリーダー同梱。,タム,8M,5500
783,1998-12-11,フェアリーキティの開運辞典 妖精の国の占い修行,イマジニア,8M,3980
784,1998-12-11,ロードス島戦記 -英雄騎士伝- GB,トミー,8M,3980
785,1998-12-12,ゼルダの伝説 夢をみる島DX,任天堂,8M,3500
786,1998-12-17,遊☆戯☆王デュエルモンスターズ,コナミ,8M,4300
787,1998-12-18,ポケモンカードGB,任天堂,8M,3500
788,1998-12-18,ポケットカラー ブロック,ボトムアップ,1M,3980
789,1998-12-18,ザ・首都高レーシング,ポニーキャニオン,1M,3980
790,1998-12-18,プリクラポケット3 〜タレントデビュー大作戦〜,アトラス,8M,3980
791,1998-12-23,麻雀クエスト,J・ウィング,8M,3980
792,1998-12-24,ボンバーマンクエスト,ハドソン,8M,3800
793,1998-12-25,灘麻太郎・小島武夫の実践麻雀教室,ギャップス,1M,3800
794,1998-12-25,合格ボーイシリーズ Z会 例文で覚える 究極の古文単語,イマジニア,2M,2000
795,1998-12-31,ドラえもんのスタディボーイ6 学習漢字マスター1006,小学館,8M,2850
796,1999-01-14,がんばれゴエモン〜天狗党の逆襲〜,コナミ,8M,4300
797,1999-01-28,Pachinko Data Card ちょ〜あたる君,BOSSコミュニケーションズ,8M,4980
798,1999-01-29,バッグス・バニー クレイジーキャッスル3,KEMCO,8M,3980
799,1999-01-29,Bビーダマン爆外伝 〜ビクトリーへの道〜,メディアファクトリー,8M,3980
800,1999-02-11,ときめきメモリアルPocket カルチャー編 〜木漏れ日のメロディ〜,コナミ,32M,4300
801,1999-02-11,ときめきメモリアルPocket スポーツ編 〜桜庭のフォトグラフ〜,コナミ,32M,4300
802,1999-02-12,化石創世リボーン2 〜モンスターティガー〜,スターフィッシュ,8M,3980
803,1999-02-19,本格4人打麻雀 麻雀王,童,8M,2980
804,1999-02-26,ハムスターパラダイス,アトラス,8M,3980
805,1999-02-26,ポヨンのダンジョンルーム - 大貝獣物語 -,ハドソン,16M,3980
806,1999-03-05,ROX -ロックス-,アルトロン,2M,3980
807,1999-03-11,ビートマニアGB,コナミ,8M,4300
808,1999-03-12,王ドロボウJING エンジェルバージョン,メサイヤ,8M,3980
809,1999-03-12,王ドロボウJING デビルバージョン,メサイヤ,8M,3980
810,1999-03-12,おはスタ やまちゃん&レイモンド,エポック社,2M,3800
811,1999-03-12,合格ボーイシリーズ □いアタマを○くする 算数バトル編,イマジニア,2M,2480
812,1999-03-12,甲子園ポケット,魔法,8M,3980
813,1999-03-12,ドラえもんカート2,エポック社,8M,3980
814,1999-03-12,もんすたあ★レース2,コーエー,16M,3980
815,1999-03-19,決闘ビーストウォーズ ビースト戦士最強決定戦,タカラ,8M,3680
816,1999-03-19,将棋2,ポニーキャニオン,2M,3480
817,1999-03-19,大貝獣物語 ザ・ミラクル オブ ザ・ゾーンII,ハドソン,8M,3980
818,1999-03-19,プロ麻雀 極GB II,アテナ,8M,4200
819,1999-03-19,女神転生外伝 ラストバイブル（カラー対応版）,アトラス,8M,3980
820,1999-03-26,QUI QUI,魔法,8M,3980
821,1999-03-26,バーガーバーガーポケット,ギャップス,8M,3800
822,1999-04-01,パワプロクンポケット,コナミ,16M,4500
823,1999-04-02,ポケット電車2,ココナッツジャパン,8M,3980
824,1999-04-08,ゲームボーイギャラリー3,任天堂,8M,10000
825,1999-04-09,加藤一二三九段の将棋教室,カルチャーブレーン,8M,3200
826,1999-04-09,信長の野望 ゲームボーイ版2,コーエー,8M,4800
827,1999-04-14,ポケモンピンボール,任天堂,8M,3800
828,1999-04-16,チェックメイト,アルトロン,8M,4500
829,1999-04-16,女神転生外伝 ラストバイブルII（カラー対応版）,アトラス,8M,3980
830,1999-04-23,ゴルフ DE おはスタ,エポック社,4M,3980
831,1999-04-23,人生ゲーム 友達たくさんつくろうよ!,タカラ,8M,3980
832,1999-04-23,トップギア・ポケット,KEMCO,8M,4500
833,1999-04-23,プチカラット,タイトー,8M,3800
834,1999-04-23,リアルプロ野球 セントラルリーグ編,ナツメ,4M,3980
835,1999-04-23,リアルプロ野球 パシフィックリーグ編,ナツメ,4M,3980
836,1999-04-28,ハローキティのマジカルミュージアム,イマジニア,8M,3980
837,1999-04-28,ディノブリーダー3 〜ガイア復活〜,J・ウィング,16M,4800
838,1999-04-28,パチパチパチス郎 〜ニューパルサー編〜,スターフィッシュ,8M,3980
839,1999-04-28,花さか天使テンテンくんのビートブレイカー,コナミ,8M,4300
840,1999-04-28,ポケットGIステイブル,コナミ,16M,4500
841,1999-04-30,SD飛龍の拳EX,カルチャーブレーン,8M,3900
842,1999-05-13,It's a ワールドラリー,コナミ,8M,4300
843,1999-05-15,カードキャプターさくら 〜いつもさくらちゃんと一緒〜,エム・ティー・オー,4M,3980
844,1999-05-28,ピットフォールGB,ポニーキャニオン,8M,3980
845,1999-05-29,学級王ヤマザキ ゲームボーイ版,コーエー,8M,3980
846,1999-06-03,漢字BOY,J・ウィング,32M,4800
847,1999-06-04,カンヅメモンスターパフェ,スターフィッシュ,8M,3980
848,1999-06-04,パチンコ CRモーレツ原始人T,ヘクト,8M,3980
849,1999-06-11,ポケット花札,ボトムアップ,2M,4500
850,1999-06-11,ルーカのぱずるで大冒険!,ヒューマン,4M,3800
851,1999-06-17,サバイバルキッズ 孤島の冒険者,コナミ,8M,4300
852,1999-06-24,あにまるぶりーだー3,J・ウィング,32M,4800
853,1999-06-24,ワールドサッカーGB2,コナミ,8M,4300
854,1999-06-25,坂田吾朗九段の連珠教室,カルチャーブレーン,8M,3200
855,1999-07-01,ハイパーオリンピックシリーズ トラック&フィールドGB,コナミ,8M,4300
856,1999-07-08,遊☆戯☆王デュエルモンスターズII 闇界決闘記,コナミ,32M,4500
857,1999-07-09,プロ麻雀 兵（つわもの）GB,カルチャーブレーン,8M,3900
858,1999-07-16,川のぬし釣り4,パック・イン・ソフト,8M,4200
859,1999-07-16,合格ボーイシリーズ □いアタマを○くする 社会バトル編,イマジニア,2M,2480
860,1999-07-16,ゴルフ王,デジタルキッズ,32M,3980
861,1999-07-17,パズルコレクション ハローキティのビーズ工房,イマジニア,8M,3980
862,1999-07-23,昆虫博士2,J・ウィング,16M,4800
863,1999-07-23,釣り先生2,J・ウィング,16M,4800
864,1999-07-23,ベイブレード 次世代ベーゴマバトル,ハドソン,16M,3980
865,1999-07-23,スパイ アンド スパイ,KEMCO,8M,3980
866,1999-07-23,ドラえもん あるけあるけラビリンス,エポック社,8M,3980
867,1999-07-23,ポケットルアーボーイ,キングレコード,8M,3980
868,1999-07-23,無頼戦士カラー,KID,8M,3980
869,1999-07-23,メダロット2 カブトバージョン,イマジニア,16M,3980
870,1999-07-23,メダロット2 クワガタバージョン,イマジニア,16M,3980
871,1999-07-30,ジェムジェムモンスター,KID,8M,3980
872,1999-07-30,三國志 ゲームボーイ版2,コーエー,8M,4800
873,1999-07-30,チョロQ ハイパーカスタマブルGB,タカラ,16M,3980
874,1999-08-05,アザーライフ アザードリームスGB,コナミ,8M,4300
875,1999-08-06,牧場物語GB2,パック・イン・ソフト,16M,3980
876,1999-08-06,ポケットファミリーGB2,ハドソン,16M,3980
877,1999-08-10,マリオゴルフGB,任天堂,16M,3800
878,1999-08-13,Get'虫倶楽部 みんなの昆虫大図鑑,ジャレコ,8M,4400
879,1999-08-13,JリーグエキサイトステージGB,エポック社,8M,3980
880,1999-08-13,シャドウゲイト リターン,KEMCO,8M,3980
881,1999-08-27,バックギャモン,アルトロン,8M,3980
882,1999-08-27,ぷよぷよ外伝 ぷよウォーズ,コンパイル,8M,3980
883,1999-09-03,まじょっコマリちゃんのきせかえ物語,パック・イン・ソフト,16M,3800
884,1999-09-10,ぐるぐるガラクターズ,アトラス,8M,4300
885,1999-09-10,テュロック2 〜時空戦士〜,スターフィッシュ,8M,3980
886,1999-09-23,かわいいペットショップ物語,タイトー,8M,3980
887,1999-09-23,ゲームボーイ ドラゴンクエストI・II,エニックス,16M,4900
888,1999-09-24,合格ボーイシリーズ □いアタマを○くする 国語バトル編,イマジニア,2M,2680
889,1999-10-01,スーパーロボット大戦リンクバトラー,バンプレスト,8M,4500
890,1999-10-01,フロント ロウ,KID,8M,3980
891,1999-10-08,オセロミレニアム,ツクダオリジナル,8M,3980
892,1999-10-08,格闘料理伝説ビストロレシピ 〜激闘★フードンバトル編〜,バンプレスト,8M,3980
893,1999-10-08,スーパーリアルフィッシング,ボトムアップ,8M,4500
894,1999-10-14,Vラリー チャンピオンシップエディション,スパイク,8M,3980
895,1999-10-15,シルバニアファミリー 〜おとぎの国のペンダント〜,エポック社,16M,3980
896,1999-10-15,ディジャブI&II,KEMCO,8M,3980
897,1999-10-15,ポケットGT,エム・ティー・オー,8M,3980
898,1999-10-21,銃鋼戦記 バレットバトラー,コナミ,16M,4500
899,1999-10-22,アクアライフ,タムソフト,8M,3980
900,1999-10-22,クイックスアドベンチャー,タイトー,8M,3980
901,1999-10-22,夜光虫GB,アテナ,16M,3800
902,1999-10-29,ウィザードリィ エンパイア,スターフィッシュ,8M,3980
903,1999-10-29,ウエットリスGB,イマジニア,8M,3980
904,1999-10-29,ゴルフだいすき!,KID,16M,3980
905,1999-10-29,ハムスター倶楽部,ジョルダン,16M,3980
906,1999-10-29,メダロット2 パーツコレクション,イマジニア,16M,3980
907,1999-11-05,合格ボーイシリーズ □いアタマを○くする 理科バトル編,イマジニア,2M,2680
908,1999-11-05,コラムスGB 手塚治虫キャラクターズ,メディアファクトリー,4M,3800
909,1999-11-12,テトリスアドベンチャー すすめミッキーとなかまたち,カプコン,8M,3800
910,1999-11-21,ポケットモンスター 金,任天堂,8M,3800
911,1999-11-21,ポケットモンスター 銀,任天堂,8M,3800
912,1999-11-22,R-TYPE DX,アイレム,8M,3980
913,1999-11-25,筋肉番付GB 〜挑戦者はキミだ!〜,コナミ,8M,4500
914,1999-11-25,ビートマニアGB2 ガッチャミックス,コナミ,8M,4300
915,1999-11-26,リトルマジック,アルトロン,8M,3980
916,1999-12-03,ザ・グレイトバトルPOCKET,バンプレスト,8M,3980
917,1999-12-03,それいけ!アンパンマン 不思議なにこにこアルバム,タムソフト,8M,4300
918,1999-12-10,格闘料理伝説ビストロレシピ 〜決闘★ビストガルム編〜,バンプレスト,8M,3980
919,1999-12-10,グランデュエル 〜深きダンジョンの秘宝〜,ボトムアップ,16M,4500
920,1999-12-10,スーパーブラックバス リアルファイト,スターフィッシュ,32M,4500
921,1999-12-10,スーパーボンブリス デラックス,BPS,2M,3980
922,1999-12-10,電車でGO!,サイバーフロント,32M,4200
923,1999-12-10,みんなの将棋 -初級編-,エム・ティー・オー,8M,3980
924,1999-12-16,がんばれゴエモン〜もののけ道中 飛び出せ鍋奉行!〜,コナミ,16M,4500
925,1999-12-17,女流雀士に挑戦GB 〜私達に挑戦してネ!〜,カルチャーブレーン,8M,3980
926,1999-12-17,スウィートアンジェ,コーエー,8M,3980
927,1999-12-17,トップギア・ポケット2,KEMCO,8M,4200
928,1999-12-17,ボンバーマンMAX 〜光の勇者〜,ハドソン,16M,3980
929,1999-12-17,ボンバーマンMAX 〜闇の戦士〜,ハドソン,16M,3980
930,1999-12-22,パチンコ必勝ガイド データの王様,BOSSコミュニケーション,8M,4980
931,1999-12-22,ポケットカラー トランプ,ボトムアップ,8M,3980
932,1999-12-22,ポケットカラー 麻雀,ボトムアップ,8M,3980
933,1999-12-23,ハリウッドピンボール,スターフィッシュ,8M,3980
934,1999-12-24,踊る天才ペット! ダンシングファービー,トミー,8M,3980
935,1999-12-24,機動戦艦ナデシコ ルリルリ麻雀,キングレコード,16M,3980
936,1999-12-24,スーパーチャイニーズファイターEX,カルチャーブレーン,8M,3900
937,1999-12-24,爆走戦記メタルウォーカーGB 〜鋼鉄の友情〜,カプコン,8M,4300
938,1999-12-24,ポケットカラー ビリヤード,ボトムアップ,8M,3980
939,1999-12-24,モンスターファーム バトルカードGB,テクモ,16M,3980
940,1999-12-24,ロボットポンコッツ 月バージョン,ハドソン,8M,3980
941,1999-12-25,おわらいよゐこのげえむ道 〜オヤジ探して3丁目〜,コナミ,8M,4500
942,1999-12-25,倉庫番伝説 光と闇の国,J・ウィング,8M,4300
943,2000-01-01,ダフィー・ダック すべってころんで大金持ち,サンソフト,8M,3980
944,2000-01-08,エリーのアトリエGB～ザールブルグの妖精錬金術師,イマジニア,16M,4500
945,2000-01-08,マリーのアトリエGB～ザールブルグの妖精錬金術師,イマジニア,16M,4500
946,2000-01-15,ジャックの大冒険 〜大魔王の逆襲〜,イマジニア,16M,3980
947,2000-01-27,ハイパーオリンピック ウィンター2000,コナミ,8M,4500
948,2000-01-28,ドンキーコングGB ディンキーコング&ディクシーコング,任天堂,8M,3800
949,2000-01-28,なかよしペットシリーズ1 かわいいハムスター,エム・ティー・オー,8M,3980
950,2000-02-04,Bビーダマン爆外伝V ファイナル・メガチューン,メディアファクトリー,16M,3980
951,2000-02-11,語楽王TANGO!,J・ウィング,8M,3980
952,2000-02-18,本格対戦将棋 歩（あゆむ）,カルチャーブレーン,8M,3900
953,2000-02-19,ポケットビリヤード ファンク・ザ・9ボール,タム,8M,3980
954,2000-02-21,トレード&バトル カードヒーロー,任天堂,16M,3800
955,2000-02-24,F1ワールドグランプリII for ゲームボーイカラー,ビデオシステム,8M,4300
956,2000-02-24,プロ麻雀 兵（つわもの）GB2,カルチャーブレーン,8M,3900
957,2000-02-24,本格花札GB,アルトロン,8M,4500
958,2000-02-24,名探偵コナン からくり寺院殺人事件,バンプレスト,8M,4500
959,2000-02-24,メタファイトEX,サンソフト,8M,3980
960,2000-02-24,メタモード,コーエー,16M,4500
961,2000-03-10,突撃!パッパラ隊,J・ウィング,32M,4500
962,2000-03-10,ドラえもんメモリーズ のび太の想い出大冒険,エポック社,8M,3980
963,2000-03-10,メダロット カードロボトル カブトバージョン,イマジニア,16M,3980
964,2000-03-10,メダロット カードロボトル クワガタバージョン,イマジニア,16M,3980
965,2000-03-10,プロ野球シミュレーション ポケットプロ野球,エポック社,16M,3980
966,2000-03-17,RPGツクールGB,アスキー,16M,4800
967,2000-03-17,合格ボーイシリーズ □いアタマを○くする 常識の書,イマジニア,8M,3800
968,2000-03-17,合格ボーイシリーズ □いアタマを○くする 難問の書,イマジニア,8M,3800
969,2000-03-17,シルバニアメロディー 〜森のなかまと踊りましょ!〜,エポック社,8M,3980
970,2000-03-17,パズループ,カプコン,8M,3800
971,2000-03-17,ハムスターパラダイス2（ちゅー）,アトラス,16M,3980
972,2000-03-17,ポケットプロレス パーフェクトレスラー,J・ウィング,16M,3980
973,2000-03-17,マクロス7 銀河のハートを奮わせろ!!,エポック社,16M,3980
974,2000-03-21,ワリオランド3 不思議なオルゴール,任天堂,16M,3800
975,2000-03-23,サイボーグクロちゃん 〜デビル復活!!〜,コナミ,8M,4500
976,2000-03-24,さるパンチャー,タイトー,16M,3980
977,2000-03-24,じゃがいぬくん,ビクターインタラクティブソフトウェア,8M,3800
978,2000-03-24,Disney's Tarzan（ディズニーズ ターザン）,シスコンエンタテイメント,16M,4300
979,2000-03-24,なかよしペットシリーズ2 かわいいウサギ,エム・ティー・オー,8M,3980
980,2000-03-24,爆球連発!!スーパービーダマン 激誕!ライジングヴァルキリー!!,タカラ,8M,4500
981,2000-03-24,レイマン ミスター・ダークの罠,Ubiソフト,32M,4200
982,2000-03-30,バトルフィッシャーズ,コナミ,16M,4500
983,2000-03-30,パワプロクンポケット2,コナミ,16M,4500
984,2000-03-30,ポップンミュージックGB,コナミ,8M,4300
985,2000-03-31,アルルの冒険 まほうのジュエル,コンパイル,8M,4200
986,2000-03-31,スノボーチャンピオン,ボトムアップ,8M,3980
987,2000-03-31,トリックボーダーグランプリ,アテナ,8M,3800
988,2000-03-31,必殺パチンコBOY CRモンスターハウス,サンソフト,8M,3980
989,2000-03-31,名探偵コナン 奇岩島秘宝伝説,バンプレスト,8M,4500
990,2000-04-07,VSレミングス,J・ウィング,32M,4500
991,2000-04-13,遊☆戯☆王 モンスターカプセルGB,コナミ,8M,4500
992,2000-04-14,聖牌伝説,ギャップス,8M,2800
993,2000-04-21,DXモノポリーGB,タカラ,8M,3980
994,2000-04-21,バーガーパラダイス インターナショナル,ギャップス,8M,2980
995,2000-04-21,バッグス・バニー クレイジーキャッスル4,KEMCO,8M,3980
996,2000-04-27,メタルギア ゴーストバベル,コナミ,16M,4500
997,2000-04-28,漢字deパズル,エム・ティー・オー,8M,4280
998,2000-04-28,競馬場へ行こう! ワイド,ヘクト,8M,3980
999,2000-04-28,ディノブリーダー4,J・ウィング,16M,4800
1000,2000-04-28,ドラえもんのクイズボーイ,エポック社,8M,3800
1001,2000-04-28,パズルボブル4,アルトロン,4M,3800
1002,2000-04-28,フェレット物語 ディア・マイ・フェレット,カルチャーブレーン,8M,3980
1003,2000-04-28,大工の源さん 〜カチカチのトンカチがカチ〜,バイオックス,8M,3980
1004,2000-04-28,麻雀女王,童,8M,3980
1005,2000-04-28,ロードランナー ドムドム団のやぼう,エクシング・エンタテイメント,8M,3980
1006,2000-05-19,ゲームコンビニ21,スターフィッシュ,8M,3980
1007,2000-05-26,タイトーメモリアル チェイスH.Q.,ジョルダン,8M,3980
1008,2000-05-26,タイトーメモリアル バブルボブル,ジョルダン,8M,3980
1009,2000-06-02,大貝獣物語 ポヨンのダンジョンルーム2,ハドソン,16M,3980
1010,2000-06-10,ビックリマン2000 チャージングカードGB,イマジニア,16M,3980
1011,2000-06-15,HUNTER×HUNTER ハンターの系譜,コナミ,32M,4500
1012,2000-06-29,ミスタードリラー,ナムコ,4M,3800
1013,2000-06-30,井出洋介の麻雀教室GB,アテナ,16M,3800
1014,2000-06-30,おじゃる丸 〜満願神社は縁日でおじゃる!〜,エム・ティー・オー,8M,4280
1015,2000-06-30,漢字BOY2,J・ウィング,8M,4800
1016,2000-06-30,ムーミンの大冒険,サンソフト,16M,3980
1017,2000-07-04,いつでもパチンコGB CRモンスターハウス,タムソフト,8M,3980
1018,2000-07-06,ワールドサッカーGB2000,コナミ,16M,4500
1019,2000-07-07,あつめてあそぶ くまのプーさん 〜もりのたからもの〜,トミー,16M,3980
1020,2000-07-13,がんばれ!ニッポン! オリンピック2000,コナミ,16M,4500
1021,2000-07-13,遊☆戯☆王デュエルモンスターズIII 三聖戦神降臨,コナミ,32M,4500
1022,2000-07-14,おじゃる丸 〜月夜が池のたからもの〜,サクセス,16M,3980
1023,2000-07-14,ドカポン?! ミレニアムクエスト,アスミック・エース エンタテインメント,16M,3980
1024,2000-07-19,サバイバルキッズ2 脱出!!双子島!,コナミ,8M,4500
1025,2000-07-19,ハローキティのスウィートアドベンチャー 〜ダニエルくんにあいたい〜,イマジニア,8M,3980
1026,2000-07-19,ディアダニエルのスウィートアドベンチャー 〜キティちゃんをさがして〜,イマジニア,8M,3980
1027,2000-07-21,データナビプロ野球,ナウプロダクション,8M,4300
1028,2000-07-21,爆走デコトラ伝説GBスペシャル 男度胸の天下統一,KID,8M,3980
1029,2000-07-23,メダロット3 カブトバージョン,イマジニア,32M,4300
1030,2000-07-23,メダロット3 クワガタバージョン,イマジニア,32M,4300
1031,2000-07-28,華蘭虎龍学園 〜花札・麻雀〜,J・ウィング,16M,4800
1032,2000-07-28,サクラ大戦GB 檄・花組入隊!,メディアファクトリー,32M,4800
1033,2000-08-03,ダンスダンスレボリューションGB,コナミ,16M,4800
1034,2000-08-04,ゾイド 邪神復活! 〜ジェノブレイカー編〜,トミー,16M,4500
1035,2000-08-04,ソウルゲッター 〜放課後冒険RPG〜,マイクロキャビン,16M,3980
1036,2000-08-04,マジカルチェイスGB 〜見習い魔法使い 賢者の谷へ〜,マイクロキャビン,16M,3480
1037,2000-08-04,ぞくぞくヒーローズ,メディアファクトリー,16M,5980
1038,2000-08-04,ダンジョンセイバー,J・ウィング,32M,4800
1039,2000-08-04,ぬし釣りアドベンチャー カイトの冒険,ビクターインタラクティブソフトウェア,16M,4200
1040,2000-08-04,ラブひなポケット,マーベラスエンターテイメント,16M,4200
1041,2000-08-10,筋肉番付GB2 〜目指せ!マッスルチャンピオン!〜,コナミ,16M,4500
1042,2000-08-11,海底伝説!! トレジャーワールド,ダズ,8M,3980
1043,2000-08-11,K.O. -ザ・プロボクシング-,アルトロン,8M,4500
1044,2000-08-11,実戦に役立つ詰碁,ポニーキャニオン,2M,3980
1045,2000-08-11,トゥイティー世界一周 80匹の猫をさがせ!,KEMCO,8M,4200
1046,2000-08-11,所さんの世田谷カントリークラブ,ナツメ,8M,3980
1047,2000-08-11,谷村ひとし流パチンコ攻略大作戦　ドン・キホーテが行く,アトラス,16M,4500
1048,2000-08-11,なかよしペットシリーズ3 かわいい仔犬,エム・ティー・オー,8M,3980
1049,2000-08-11,パーフェクトチョロQ,タカラ,16M,3980
1050,2000-08-11,ベイブレード FIGHTING TOURNAMENT,ハドソン,16M,3980
1051,2000-08-23,コロコロカービィ,任天堂,8M,4500
1052,2000-09-07,ポップンミュージックGB アニメーションメロディ,コナミ,8M,4500
1053,2000-09-08,とっとこハム太郎 ともだち大作戦でちゅ,任天堂,8M,3800
1054,2000-09-21,ポケモンでパネポン,任天堂,16M,3800
1055,2000-09-22,ハムスター倶楽部 あわせてチュー,ジョルダン,8M,3980
1056,2000-09-22,ぼくのキャンプ場,ナグザット,16M,3980
1057,2000-09-22,ぽけっとぷよぷよ〜ん,コンパイル,8M,3980
1058,2000-09-28,パズルデショーブヨ! ウータマちゃん,ナグザット,8M,3800
1059,2000-09-28,ビートマニアGB ガッチャミックス2,コナミ,16M,4500
1060,2000-09-29,エレベーターアクションEX,アルトロン,8M,4500
1061,2000-09-29,ゴン太のおきらく大冒険,レイアップ,8M,3980
1062,2000-09-29,新世紀エヴァンゲリオン 麻雀補完計画,キングレコード,16M,3980
1063,2000-09-29,スペースインベーダーX,タイトー,8M,3980
1064,2000-09-29,ソロモン,テクモ,8M,4300
1065,2000-09-29,牧場物語GB3 ボーイ・ミーツ・ガール,ビクターインタラクティブソフトウェア,16M,4200
1066,2000-10-06,カードキャプターさくら 〜友枝小学校大運動会〜,エム・ティー・オー,16M,4280
1067,2000-10-06,スーパードール・リカちゃん 〜きせかえ大作戦〜,ヴィアール・ワン,8M,4300
1068,2000-10-19,サイボーグクロちゃん 〜ホワイトウッズの逆襲〜,コナミ,8M,4500
1069,2000-10-20,ロックマンX サイバーミッション,カプコン,8M,3980
1070,2000-10-21,怪人ゾナー,任天堂,16M,3800
1071,2000-10-27,合格ボーイシリーズ □いアタマを○くする 図形の達人,イマジニア,8M,3800
1072,2000-10-27,JETでGO!LET'S GO BY AIRLINER,アルトロン,16M,4500
1073,2000-11-01,マリオテニスGB,任天堂,16M,3800
1074,2000-11-03,携帯電獣テレファング スピードバージョン,スマイルソフト,16M,4700
1075,2000-11-03,携帯電獣テレファング パワーバージョン,スマイルソフト,16M,4700
1076,2000-11-03,血と汗と涙の高校野球,J・ウィング,8M,4800
1077,2000-11-10,テイルズ オブ ファンタジア なりきりダンジョン,ナムコ,16M,4500
1078,2000-11-16,ダンスダンスレボリューションGB2,コナミ,16M,4800
1079,2000-11-17,真・女神転生デビルチルドレン 〜黒の書〜,アトラス,16M,4300
1080,2000-11-17,真・女神転生デビルチルドレン 〜赤の書〜,アトラス,16M,4300
1081,2000-11-17,ドキドキ伝説 魔法陣グルグル,エニックス,32M,5900
1082,2000-11-21,かくれんぼバトル モンスタータクティクス,任天堂,16M,3800
1083,2000-11-22,エアフォースデルタ,コナミ,8M,4300
1084,2000-11-22,グリンチ,コナミ,8M,4500
1085,2000-11-22,コマンドマスター,エニックス,16M,5900
1086,2000-11-22,ポップンミュージックGB ディズニーチューンズ,コナミ,8M,4500
1087,2000-11-23,それいけ!アンパンマン 〜5つの塔の王様〜,タム,8M,4500
1088,2000-11-24,仙界異闇録 準提大戦 〜TVアニメーション「仙界伝封神演義」より〜,バンプレスト,8M,3980
1089,2000-11-24,メダロット3 パーツコレクション 〜Zからの超戦場〜,イマジニア,16M,4300
1090,2000-11-30,ハムナプトラ 失われた砂漠の都,コナミ,8M,4300
1091,2000-12-01,GBハロボッツ,サンライズインタラクティブ,16M,4800
1092,2000-12-01,スーパーミメルGB ミメルベアのハッピーメールタウン,トミー,8M,3980
1093,2000-12-01,ドナルドダック デイジーを救え!,Ubiソフト,32M,4300
1094,2000-12-01,六門天外モンコレナイトGB,角川書店,16M,4300
1095,2000-12-02,Piaキャロットへようこそ!!2.2,NECインターチャネル,32M,5300
1096,2000-12-07,遊☆戯☆王デュエルモンスターズ4 最強決闘者戦記 海馬デッキ,コナミ,32M,4800
1097,2000-12-07,遊☆戯☆王デュエルモンスターズ4 最強決闘者戦記 城之内デッキ,コナミ,32M,4800
1098,2000-12-07,遊☆戯☆王デュエルモンスターズ4 最強決闘者戦記 遊戯デッキ,コナミ,32M,4800
1099,2000-12-08,だぁ!だぁ!だぁ! とつぜん★カードでバトルで占いで!?,ビデオシステム,8M,4500
1100,2000-12-08,でじこの麻雀パーティー,キングレコード,16M,3980
1101,2000-12-08,電車でGO!2,サイバーフロント,64M,5200
1102,2000-12-08,ゲームボーイ ドラゴンクエストIII そして伝説へ…,エニックス,32M,6400
1103,2000-12-14,ポケットモンスター クリスタルバージョン,任天堂,16M,3800
1104,2000-12-15,攻めCOMダンジョン ドルルルアーガ,ナムコ,16M,4500
1105,2000-12-15,なかよしクッキングシリーズ1 おいしいケーキ屋さん,エム・ティー・オー,8M,3980
1106,2000-12-15,ハムスター倶楽部2,ジョルダン,32M,4300
1107,2000-12-15,ハムスターパラダイス3,アトラス,32M,4300
1108,2000-12-16,金田一少年の事件簿 〜10年目の招待状〜,バンプレスト,16M,4500
1109,2000-12-20,ドラえもんのスタディボーイ 九九ゲーム,小学館,8M,3980
1110,2000-12-21,がんばれゴエモン〜星空士ダイナマイッツあらわる!!〜,コナミ,8M,4800
1111,2000-12-22,飛龍の拳列伝GB,カルチャーブレーン,16M,3980
1112,2000-12-22,ウィザードリィ エンパイア 〜復活の杖〜,スターフィッシュ,8M,3980
1113,2000-12-22,かわいいペットショップ物語2,タイトー,16M,4200
1114,2000-12-22,グランディア パラレルトリッパーズ,ハドソン,32M,4500
1115,2000-12-22,シルバニアファミリー2 〜色づく森のファンタジー〜,エポック社,16M,3980
1116,2000-12-22,パズルボブル ミレニアム,アルトロン,8M,4200
1117,2001-01-01,あにまるぶり〜だ〜4,J・ウィング,32M,4800
1118,2001-01-01,桃太郎伝説1→2,ハドソン,16M,4300
1119,2001-01-12,ドラえもんのスタディボーイ 学習漢字ゲーム,小学館,8M,3980
1120,2001-01-21,ドンキーコング2001,任天堂,32M,3800
1121,2001-01-26,ブレイブサーガ 新章 アスタリア,タカラ,16M,4800
1122,2001-01-26,ラブひなパーティ,マーベラスエンターテイメント,16M,4500
1123,2001-02-02,サムライキッド,コーエー,8M,3980
1124,2001-02-08,おはスタ ダンスダンスレボリューションGB,コナミ,16M,4800
1125,2001-02-09,へろへろくん,イマジニア,16M,4800
1126,2001-02-09,勝負師伝説 哲也 新宿天運編,アテナ,8M,4700
1127,2001-02-16,なかよしペットシリーズ4 かわいい仔猫,エム・ティー・オー,8M,4200
1128,2001-02-16,ぽっぷんぽっぷ,ジョルダン,8M ,3800
1129,2001-02-22,筋肉番付GB3 新世紀サバイバル列伝!,コナミ,32M,4800
1130,2001-02-23,ウィザードリィ,アスキー,8M,4500
1131,2001-02-23,ウィザードリィII リルガミンの遺産,アスキー,8M,4500
1132,2001-02-23,ウィザードリィIII ダイヤモンドの騎士,アスキー,8M,4500
1133,2001-02-23,フロントライン The Next Mission,アルトロン,8M,4200
1134,2001-02-23,笑う犬の冒険GB SILLY GO LUCKY!,カプコン,8M,4300
1135,2001-02-23,ちっちゃいエイリアン,クリーチャーズ,)
1136,2001-02-23,ポケットキング,ナムコ,16M,4500
1137,2001-02-23,スーパーロボットピンボール,メディアファクトリー,16M,4500
1138,2001-02-27,ゼルダの伝説 ふしぎの木の実 〜時空の章〜,任天堂,8M,3800
1139,2001-02-27,ゼルダの伝説 ふしぎの木の実 〜大地の章〜,任天堂,8M,3800
1140,2001-03-02,ザ・ブラックオニキス,タイトー,8M,4500
1141,2001-03-09,コトバトル 天外の守人,アルファドリーム,16M,4500
1142,2001-03-09,ドラゴンクエストモンスターズ2 マルタのふしぎな鍵 ルカの旅立ち,エニックス,32M,6400
1143,2001-03-09,無敵王トライゼノン,マーベラスエンターテイメント,16M,4300
1144,2001-03-15,ウッディウッドペッカーのゴー!ゴー!レーシング,コナミ,8M,4500
1145,2001-03-15,ダンスダンスレボリューションGB3,コナミ,16M,4800
1146,2001-03-16,スペースネット コスモブルー,イマジニア,16M,4800
1147,2001-03-16,スペースネット コスモレッド,イマジニア,16M,4800
1148,2001-03-16,ドラえもん きみとペットの物語,エポック社,8M,4300
1149,2001-03-23,忍たま乱太郎 忍術学園に入学しようの段,アスク,8M,4500
1150,2001-03-23,メダロット4 カブトバージョン,イマジニア,32M,4500
1151,2001-03-23,メダロット4 クワガタバージョン,イマジニア,32M,4500
1152,2001-03-23,砂漠の四神 幻想魔伝 最遊記,J・ウィング,8M,4980
1153,2001-03-23,きせかえシリーズ2 おしゃれ日記,ビクターインタラクティブソフトウェア,16M,4200
1154,2001-03-28,ポケモンカードGB2 GR団参上!,ポケモン,16M,3900
1155,2001-03-29,ダンスダンスレボリューションGB ディズニーミックス,コナミ,16M,4800
1156,2001-03-30,合格ボーイシリーズ □いアタマを○くする 漢字の達人,イマジニア,8M,3800
1157,2001-03-30,合格ボーイシリーズ □いアタマを○くする 計算の達人,イマジニア,8M,3800
1158,2001-03-30,ストリートファイターALPHA,カプコン,8M,4300
1159,2001-03-30,アニマスターGB,メディアファクトリー,16M,3980
1160,2001-04-12,ドラゴンクエストモンスターズ2 マルタのふしぎな鍵 イルの冒険,エニックス,32M,6400
1161,2001-04-12,クロスハンター エックス・ハンター・バージョン,ゲームビレッジ,32M,4800
1162,2001-04-12,クロスハンター トレジャー・ハンター・バージョン,ゲームビレッジ,32M,4800
1163,2001-04-12,クロスハンター モンスター・ハンター・バージョン,ゲームビレッジ,32M,4800
1164,2001-04-12,HUNTER×HUNTER 禁断の秘宝,コナミ,8M,4500
1165,2001-04-14,ハローキティとディアダニエルのドリームアドベンチャー,イマジニア,8M,4500
1166,2001-04-20,なかよしクッキングシリーズ2 おいしいパン屋さん,エム・ティー・オー,8M,4200
1167,2001-04-21,とっとこハム太郎2 ハムちゃんず大集合でちゅ,任天堂,16M,3800
1168,2001-04-25,おいでラスカル,タム,8M,4500
1169,2001-04-27,なかよしペットシリーズ5 かわいいハムスター2,エム・ティー・オー,8M,4200
1170,2001-04-27,雀級生 〜コスプレ★パラダイス〜,エルフ,32M,4800
1171,2001-04-27,X-MEN MUTANT ACADEMY,サクセス,8M,3980
1172,2001-04-27,SPIDER-MAN,サクセス,8M,3980
1173,2001-04-27,ぐるぐるタウン はなまるくん,J・ウィング,8M,4980
1174,2001-04-27,DX人生ゲーム,タカラ,16M,4500
1175,2001-04-27,From TV animation ONE PIECE 夢のルフィ海賊団誕生!,バンプレスト,32M,4500
1176,2001-05-11,モバイルゴルフ モバイルアダプタGB同梱,任天堂,32M,5800
1177,2001-05-25,DT Lords of Genomes,メディアファクトリー,32M,4500
1178,2001-06-01,名探偵コナン 呪われた航路,バンプレスト,16M,4500
1179,2001-06-15,ZOIDS 白銀の獣機神 ライガーゼロ,トミー,16M,4500
1180,2001-06-20,スヌーピーテニス,アンフォグラムハドソン,8M,4300
1181,2001-06-28,スターオーシャン ブルースフィア,エニックス,32M,5800
1182,2001-06-29,なかよしクッキングシリーズ3 たのしいお弁当,エム・ティー・オー,8M,4200
1183,2001-06-29,ガイアマスターDUEL カードアタッカーズ,カプコン,16M,4300
1184,2001-07-12,ネットでゲット ミニゲーム＠100,コナミ,8M,5800
1185,2001-07-13,データナビプロ野球2,ナウプロダクション,8M,4300
1186,2001-07-19,つりいこっ!!,アスキー,16M,4500
1187,2001-07-19,ロックマンX2 ソウルイレイザー,カプコン,8M,3980
1188,2001-07-20,Jリーグエキサイトステージ タクティクス,エポック社,16M,4300
1189,2001-07-20,うちゅう人田中太郎でRPGツクールGB2,エンターブレイン,32M,5200
1190,2001-07-20,マクドナルド物語,TDKコア,16M,4500
1191,2001-07-26,超GALS! 寿蘭,コナミ,32M,4800
1192,2001-07-27,真・女神転生 デビルチルドレン 白の書,アトラス,16M,4500
1193,2001-07-27,真・女神転生トレーディングカード カードサマナー,エンターブレイン,16M,5200
1194,2001-07-27,昆虫博士3,J・ウィング,16M,4980
1195,2001-07-27,花より男子 ANOTHER LOVE STORY,TDKコア,16M,4500
1196,2001-07-27,不思議のダンジョン 風来のシレンGB2 砂漠の魔城,チュンソフト,32M,4500
1197,2001-07-27,水木しげるの新・妖怪伝,プライムシステム,32M,4800
1198,2001-07-27,爆転シュート ベイブレード,ブロッコリー,16M,4800
1199,2001-08-10,バッドばつ丸 ロボバトル,イマジニア,16M,4500
1200,2001-08-10,ちびまる子ちゃん 町内みんなでゲームだよ!,エポック社,8M,4300
1201,2001-08-10,ニセモン パズルdaモン,プライムシステム,16M,4800
1202,2001-08-24,ポケットクッキング,J・ウィング,32M,4800
1203,2001-08-30,ゲームボーイウォーズ3,ハドソン,8M,3800
1204,2001-09-07,全日本少年サッカー大会 めざせ日本一!,サクセス,16M,4800
1205,2001-09-07,エストポリス伝記 よみがえる伝説,タイトー,16M,4800
1206,2001-09-10,ジャガーミシン刺しゅう専用ソフト MARIO FAMILY,ジャガーインターナショナルコーポレーション,16M,6800
1207,2001-09-21,ハムスター倶楽部 おしえまチュー,ジョルダン,16M,4300
1208,2001-09-28,ハムスターパラダイス4,アトラス,32M,4500
1209,2001-10-12,激走!ダンガンレーサー 音速バスターDANGUN弾,イマジニア,16M,4600
1210,2001-10-12,きかんしゃトーマス ソドーとうのなかまたち,タム,8M,4500
1211,2001-10-26,ドキ×ドキさせて!!,ビクターインタラクティブソフトウェア,16M,4200
1212,2001-11-01,仰天人間バトシーラー ドクトル・ガイの野望,コナミ,32M,4800
1213,2001-11-02,ネットワーク冒険記 バグサイト アルファ,スマイルソフト,16M,4800
1214,2001-11-02,ネットワーク冒険記 バグサイト ベータ,スマイルソフト,16M,4800
1215,2001-11-16,なかよしクッキングシリーズ4 たのしいデザート,エム・ティー・オー,8M,4200
1216,2001-11-22,チキチキマシン猛レース,シスコンエンタテイメント,8M,3600
1217,2001-12-01,ハリー・ポッターと賢者の石,エレクトロニック・アーツ・スクウェア,32M,4800
1218,2001-12-06,サクラ大戦GB2 サンダーボルト作戦,セガ,32M,4800
1219,2001-12-13,ミニー&フレンズ 夢の国をさがして,ハドソン,16M,4800
1220,2001-12-14,メダロット5 すすたけ村の転校生 カブト,イマジニア,32M,4800
1221,2001-12-14,メダロット5 すすたけ村の転校生 クワガタ,イマジニア,32M,4800
1222,2001-12-14,ルーニー・テューンズコレクター マーシャンクエスト!,シスコンエンタテイメント,16M,3700
1223,2001-12-21,わたしのキッチン,キラット,8M,3980
1224,2001-12-21,シャーマンキング 超・占事略決 ふんばり編,キングレコード,32M,3980
1225,2001-12-21,シャーマンキング 超・占事略決 メラメラ編,キングレコード,32M,3980
1226,2001-12-21,きせかえハムスター,ビクターインタラクティブソフトウェア,16M,4200
1227,2001-12-21,シルバニアファミリー３　星ふる夜のすなどけい,エポック社,16M,4300
1228,2001-12-24,将棋3,ポニーキャニオン,2M,4800
1229,2002-02-07,超GALS! 寿蘭2 〜ミラクル→ゲッティング〜,コナミ,32M,4800
1230,2002-02-21,Dr.リンにきいてみて! 恋のリン風水!,ハドソン,16M,3980
1231,2002-03-02,ハローキティのハッピーハウス,エム・ティー・オー,32M,4500
1232,2002-03-08,モン★スタートラベラー,タイトー,32M,4300
1233,2002-03-29,あざらし戦隊イナズマ 〜どきどき大作戦!?〜,オメガ・プロジェクト,8M,3980
1234,2002-03-29,BIOHAZARD GAIDEN,カプコン,16M,4200
1235,2002-04-05,なかよしクッキングシリーズ5 こむぎちゃんのケーキをつくろう!,エム・ティー・オー,32M,4200
1236,2002-04-18,冒険!ドンドコ島,グローバル・A・エンタテインメント,16M,4300
1237,2002-04-26,わたしのレストラン,キラット,8M,3980
1238,2002-06-28,From TV animation ONE PIECE 幻のグランドライン冒険記!,バンプレスト,32M,4500
1239,2002-07-26,昆虫ファイターズ,デジタルキッズ,16M,4200
1240,2002-08-09,ドラゴンボールZ 伝説の超戦士たち,バンプレスト,16M,4500
1241,2002-08-09,ハムスター物語GB+マジハームの魔法少女,カルチャーブレーン,32M,3980
1242,2002-10-04,ドラえもんのクイズボーイ2,エポック社,8M,3980
1243,2003-06-05,漢字BOY3,J・ウィング,32M,4980
1244,2003-07-18,ドラえもんのスタディボーイ かんじよみかきマスター,小学館,8M,3980